Transfer Id,Transfer Date,Item Id,Qty,From Location,To Location,Requested By,Status
TR-0001,2025-11-14,AC-1085,20,MAIN,BRANCH-2,E018,Complete
TR-0002,2026-02-15,SHEA-1019,55,MAIN,VMI-CUST0007,E014,Complete
TR-0003,2025-07-15,SHEA-1037,10,MAIN,BRANCH-2,E017,Complete
TR-0004,2025-10-09,GEAR-1067,28,MAIN,TRUCK-2,E027,Complete
TR-0005,"Oct 31, 2025",SHEA-1068,15,MAIN,TRUCK-2,E003,Complete
TR-0006,2025-04-19,SKF-6205-2RS1,56,MAIN,TRUCK-2,E034,Complete
TR-0007,2025-10-30 ,DOD-TXT315,10,MAIN,VMI-CUST0012,E015,Complete
TR-0008,2025-04-11,TIM-LM11949-LM11910,1,MAIN,VMI-CUST0007,E034,In Transit
TR-0009,06/19/2025,AC-1086,19,MAIN,TRUCK-2,E012,Complete
TR-0010,"Mar 01, 2026",TIMI-1030,47,MAIN,BRANCH-2,E019,In Transit
TR-0011,2025-07-08,HEN-243,56,MAIN,TRUCK-2,E045,In Transit
TR-0012,2025-09-11,GEAR-1036,8,MAIN,VMI-CUST0012,E034,Complete
TR-0013,2025-11-21,MOUN-1018,60,MAIN,BRANCH-2,E031,In Transit
TR-0014,07/02/25,ULI-S-4123,29,MAIN,BRANCH-2,E033,Complete
TR-0015,2025-12-27,CONV-1051,25,MAIN,TRUCK-2,E021,In Transit
TR-0016,2025-10-09,SPRO-1050,43,MAIN,VMI-CUST0007,E002,Complete
TR-0017,2026-01-27,MOUN-1081,16,MAIN,BRANCH-2,E010,In Transit
TR-0018,2025-05-18,SHEA-1007,46,MAIN,VMI-CUST0012,E035,In Transit
TR-0019,2025-11-16,GEAR-1067,8,MAIN,BRANCH-2,E040,In Transit
TR-0020,2025-10-25,MOUN-1008,52,MAIN,TRUCK-2,E036,In Transit
TR-0021,2025-11-16,GEAR-1001,6,MAIN,TRUCK-2,E006,Complete
TR-0022,2025-04-14,MOUN-1031,13,MAIN,VMI-CUST0007,E008,Complete
TR-0023,2025-12-17,GEAR-1066,23,MAIN,BRANCH-2,E016,Complete
TR-0024,2025-07-04,ROLL-1026,48,MAIN,VMI-CUST0012,E001,Complete
TR-0025,2025-10-05,CONV-1022,44,MAIN,TRUCK-2,E039,Complete
TR-0026,09/02/25,AC-1054,30,MAIN,VMI-CUST0007,E008,Complete
TR-0027,2025-04-05 ,GEAR-1016,43,MAIN,VMI-CUST0007,E030,In Transit
TR-0028,2025-09-03,SHEA-1049,13,MAIN,TRUCK-2,E023,Complete 
TR-0029,2025-09-22,CONV-1022,49,MAIN,BRANCH-2,E003,In Transit
TR-0030,2026-01-21,MOUN-1083,35,MAIN ,VMI-CUST0012,E007,In Transit
TR-0031,2025-04-17,SHEA-1035,45,MAIN,VMI-CUST0012,E003,In Transit
TR-0032,2025-09-08,SPRO-1061,13,MAIN,VMI-CUST0012,E035,Complete
TR-0033,"Mar 20, 2026",SHEA-1077,21,MAIN,VMI-CUST0007,E007,In Transit
TR-0034,2026-02-13,ROLL-1053,8,MAIN,VMI-CUST0012,E030,In Transit
TR-0035,2025-08-30,MOUN-1062,42,MAIN,VMI-CUST0007,E003,Complete
TR-0036,2026-03-30,TIM-LM11949-LM11910,41,MAIN,VMI-CUST0007,E037,Complete
TR-0037,2025-12-15,SHEA-1028,32,MAIN ,VMI-CUST0012,E045,Complete
TR-0038,2026-03-13,SHEA-1007,22,MAIN,BRANCH-2,E039,Complete
TR-0039,2025-12-05,CONV-1046,59,MAIN,VMI-CUST0012,E027,Complete
TR-0040,2025-12-29,TIMI-1020,14,MAIN,VMI-CUST0012,E001,Complete
TR-0041,2025-05-08,SHEA-1035,21,MAIN,VMI-CUST0007,E003,In Transit
TR-0042,2025-08-27,HEN-243,36,MAIN,BRANCH-2,E001,Complete
TR-0043,2025-09-30,SHEA-1003,39,MAIN,VMI-CUST0007,E003,Complete
TR-0044,2026-01-16,SHEA-1072,19,MAIN,BRANCH-2,E024,Complete
