Invoice Number,Line,Item Id,Qty,Unit Price,Extended,Unit Cost,Margin
INV-60001,1,AC-1040,3,800.8,2402.4,609.44,574.08
INV-60002,1,SPRO-1087,50,61.79,3089.5,44.550000000000004,862.0
INV-60002 ,2,GEAR-1010,1,4602.2,4602.2,2784.15,1818.05
INV-60002,3,GEAR-1060,1,4686.22,4686.22,3102.4300000000003,1583.79
INV-60002,4,SPRO-1004,50,53.72,2686.0,42.84,544.0
INV-60002,5,AC-1057,3,1116.16,3348.48,687.08,1287.24
INV-60003,1,AC-1048,1,2277.84,2277.84,1745.47,532.37
INV-60003,2,CONV-1051 ,3,5524.58,16573.74,4147.58,4131.0
INV-60003,3,CONV-1052,3,3640.77,10922.31,2311.6,3987.51
INV-60003,4,GEAR-1084,1,5318.78,5318.78,3456.0,1862.78
INV-60004,1,SHEA-1019,6,166.09,996.54,94.5,429.54
INV-60004,2,GEAR-1073,1,2781.13,2781.13,1938.75,842.38
INV-60004,3,CONV-1023,1,6175.79,6175.79,3652.15,2523.64
INV-60004 ,4,DOD-TXT315,1,1558.19,1558.19,1180.0,378.19
INV-60005,1,SHEA-1035,1,187.14,187.14,148.52,38.62
INV-60005,2,BRI-HHCS-0500-13-200-G8,6,56.79,340.74,44.75,72.24
INV-60005,3,MOUN-1018 ,2,173.84,347.68,109.13,129.42
INV-60005 ,4,ROLL-1053,4,122.44,489.76,86.10000000000001,145.36
INV-60006,1,SPRO-1078,25,101.65,2541.25,69.25,810.0
INV-60006 ,2,CONV-1046,3,8454.0,25362.0,7311.89,3426.33
INV-60006,3,SHEA-1035,3,170.5,511.5,148.52,65.94
INV-60006,4,SHEA-1072 ,3,122.07,366.21,101.96000000000001,60.33
INV-60006,5,AC-1054,5,2204.17,11020.85,1828.58,1877.95
INV-60007,1,SHEA-1064,5,216.6,1083.0,139.88,383.6
INV-60008,1,MOUN-1031,25,48.02,1200.5,38.78,231.0
INV-60008,2,TIMI-1020 ,100,63.14,6314.0,52.03,1111.0
INV-60009,1,BRI-HHCS-0500-13-200-G8,2,63.1,126.2,44.75,36.7
INV-60010,1,CONV-1043,3,2622.13,7866.39,1971.53,1951.8
INV-60010,2,CONV-1023,5,6175.79,30878.95,3652.15,12618.2
INV-60011,1,TIMI-1032,6,54.1,324.6,32.99,126.66
INV-60011,2,MOUN-1062,1,221.27,221.27,135.75,85.52
INV-60011,3,SKF-6308-2Z,12,13.33,159.96,10.25,36.96
INV-60011,4,SHEA-1045,4,71.52,286.08,47.68,95.36
INV-60012,1,AC-1040,3,800.8,2402.4,609.44,574.08
INV-60013,1,SHEA-1049,1,227.67,227.67,153.4,74.27
INV-60013,2,SPRO-1055,10,32.03,320.3,26.94,50.9
INV-60014,1,MOUN-1008,1,109.84,109.84,71.79,38.05
INV-60014,2,TIMI-1017,50,67.52,3376.0,50.69,841.5
INV-60015,1,TIMI-1014,10,68.98,689.8,49.480000000000004,195.0
INV-60015,2,CONV-1013,3,3620.61,10861.83,2336.18,3853.29
INV-60015,3,CONV-1023,5,5010.84,25054.2,3652.15,6793.45
INV-60015,4,CONV-1051,1,5033.5,5033.5,4147.58,885.92
INV-60015,5,ROLL-1012,200,51.05,10210.0,47.52,706.0
INV-60016,1,CONV-1013,1,4194.61,4194.61,2336.18,1858.43
INV-60016,3,ROLL-1044,3,241.9,725.7,140.68,303.66
INV-60016,4,MOUN-1034,1,42.77,42.77,23.82,18.95
INV-60017,1,GEAR-1073,5,2781.13,13905.65,1938.75,4211.9
INV-60017,3,SPRO-1027,2,97.04,194.08,77.98,38.12
INV-60018,1,CONV-1043,3,2484.13,7452.39,1971.53,1537.8
INV-60018,2,SHEA-1049,1,249.88,249.88,153.4,96.48
INV-60018,3,ROLL-1053,2,104.07,208.14,86.10000000000001,35.94
INV-60018,4,MOUN-1008,2,109.84,219.68,71.79,76.1
INV-60018,5,SPRO-1076,1,17.16,17.16,13.24,3.92
INV-60019,1,SPRO-1070,4,36.16,144.64,22.96,52.8
INV-60019,2,GAT-B62,200,17.6,3520.0,12.7,980.0
INV-60020,1,SHEA-1003,3,313.25,939.75,235.72,232.59
INV-60020,2,SPRO-1041,100,64.34,6434.0,35.35,2899.0
INV-60020,3,SHEA-1007 ,3,211.8,635.4,129.94,245.58
INV-60020,4,SHEA-1003 ,1,322.94,322.94,235.72,87.22
INV-60021,2,SHEA-1037,100,162.8,16280.0,99.06,6374.0
INV-60021,3,TIMI-1056 ,100,26.49,2649.0,17.21,928.0
INV-60021 ,4,GEAR-1010,1,4602.2,4602.2,2784.15,1818.05
INV-60022,2,AC-1057,1,963.43,963.43,687.08,276.35
INV-60022,3,CONV-1043,2,2263.31,4526.62,1971.53,583.56
INV-60022,4,SHEA-1049,3,227.67,683.01,153.4,222.81
INV-60023,1,SPRO-1070,12,38.17,458.04,22.96,182.52
INV-60023,2,TIMI-1000,200,59.14,11828.0,43.53,3122.0
INV-60023,3,CONV-1052,1,3843.03,3843.03,2311.6,1531.43
INV-60023,4,AC-1063,3,2135.12,6405.36,1677.24,1373.64
INV-60024,1,DOD-TXT315,2,1476.18,2952.36,1180.0,592.36
INV-60025,1,AC-1057,3,1174.91,3524.73,687.08,1463.49
INV-60025,2,MOUN-1034,1,45.02,45.02,23.82,21.2
INV-60025,3,SHEA-1068,3,305.52,916.56,180.78,374.22
INV-60025,4,TIMI-1058,1,134.28,134.28,84.45,49.83
INV-60026,1,TIMI-1030,6,105.56,633.36,66.14,236.52
INV-60026,2,ROLL-1079,5,160.9,804.5,102.65,291.25
INV-60026,3,AC-1085,1,507.31,507.31,365.76,141.55
INV-60026,4,MOUN-1008,10,115.94,1159.4,71.79,441.5
INV-60027,1,SPRO-1015,6,104.41,626.46,74.58,178.98
INV-60028,1,SPRO-1087,200,61.79,12358.0,44.550000000000004,3448.0
INV-60028,2,CONV-1052,2,3843.03,7686.06,2311.6,3062.86
INV-60028,3,MOUN-1083,200,131.75,26350.0,87.77,8796.0
INV-60029,1,GEAR-1084,1,5318.78,5318.78,3456.0,1862.78
INV-60030,1,AC-1040,5,800.8,4004.0,609.44,956.8
INV-60031,1,SPRO-1070,10,38.17,381.7,22.96,152.1
INV-60031,2,SHEA-1028,2,500.18,1000.36,284.6,431.16
INV-60032,1,SKF-6205-2RS1,10,5.11,51.1,3.55,15.6
INV-60033,1,TIMI-1058,6,110.11,660.66,84.45,153.96
INV-60034,1,TIMI-1058 ,4,120.85,483.4,84.45,145.6
INV-60034,2,GEAR-1010,1,4359.98,4359.98,2784.15,1575.83
INV-60035,1,TIMI-1000,100,53.53,5353.0,43.53,1000.0
INV-60035,2,SHEA-1007,2,211.8,423.6,129.94,163.72
INV-60036,3,TIMI-1000,25,62.25,1556.25,43.53,468.0
INV-60037,1,AC-1054,1,2553.61,2553.61,1828.58,725.03
INV-60037,2,AC-1040,5,845.29,4226.45,609.44,1179.25
INV-60038,1,SPRO-1027,50,83.76,4188.0,77.98,289.0
INV-60038,2,ROLL-1021,4,126.68,506.72,81.74,179.76
INV-60038,3,CONV-1046,3,8454.0,25362.0,7311.89,3426.33
INV-60038,4,CONV-1059,3,4543.16,13629.48,3693.63,2548.59
INV-60038,5,AC-1033,1,1183.36,1183.36,1093.27,90.09
INV-60039,1,BRI-HHCS-0500-13-200-G8,12,56.79,681.48,44.75,144.48
INV-60039,2,AC-1048,5,2277.84,11389.2,1745.47,2661.85
INV-60039,3,SHEA-1064,3,205.2,615.6,139.88,195.96
INV-60039,4,ROLL-1044,1,229.17,229.17,140.68,88.49
INV-60039,5,MOUN-1029,50,129.68,6484.0,86.28,2170.0
INV-60040,1,SHEA-1038,2,416.46,832.92,295.28000000000003,242.36
INV-60040,2,ROLL-1044,2,208.8,417.6,140.68,136.24
INV-60040,3,AC-1006,1,3039.82,3039.82,2130.52,909.3
INV-60041,1,CONV-1022,1,2234.05,2234.05,2154.05,80.0
INV-60041,2,SHEA-1082,1,260.14,260.14,186.61,73.53
INV-60041,3,SKF-6308-2Z,6,9.6,57.6,10.25,-3.9
INV-60041,4,DOD-TXT315,1,1344.96,1344.96,1180.0,164.96
INV-60042,1,MOUN-1029,200,114.12,22824.0,86.28,5568.0
INV-60043 ,1,CONV-1046,1,9794.27,9794.27,7311.89,2482.38
INV-60043,2,CONV-1051,2,5831.5,11663.0,4147.58,3367.84
INV-60043,3,SHEA-1088,5,269.48,1347.4,189.79,398.45
INV-60043,5,AC-1085,3,507.31,1521.93,365.76,424.65
INV-60044,1,SHEA-1038,5,482.49,2412.45,295.28000000000003,936.05
INV-60044,2,CONV-1022,5,2783.03,13915.15,2154.05,3144.9
INV-60044,3,SHEA-1007,1,201.21,201.21,129.94,71.27
INV-60044,4,SHEA-1082,2,301.38,602.76,186.61,229.54
INV-60045,1,GEAR-1084,5,4846.0,24230.0,3456.0,6950.0
INV-60045,2,SPRO-1009,12,35.01,420.12,24.54,125.64
INV-60046,1,CONV-1051,1,4972.12,4972.12,4147.58,824.54
INV-60046,2,SHEA-1019,6,157.35,944.1,94.5,377.1
INV-60046,3,TIMI-1032,25,48.69,1217.25,32.99,392.5
INV-60047,1,CONV-1039,2,7795.61,15591.22,7046.72,1497.78
INV-60047,2,CONV-1043,1,2622.13,2622.13,1971.53,650.6
INV-60048,1,CONV-1052,2,3843.03,7686.06,2311.6,3062.86
INV-60048,2,CONV-1052,1,3843.03,3843.03,2311.6,1531.43
INV-60048,3,TIMI-1030,12,105.56,1266.72,66.14,473.04
INV-60048,4,SPRO-1015,200,99.19,19838.0,74.58,4922.0
INV-60048,5,SPRO-1002,1,90.07,90.07,65.84,24.23
INV-60049,1,MOUN-1081,50,83.29,4164.5,61.24,1102.5
INV-60049,2,SPRO-1069,1,202.59,202.59,115.11,87.48
INV-60049,3,MOUN-1083,50,138.68,6934.0,87.77,2545.5
INV-60050,1,CONV-1013,1,3417.5,3417.5,2336.18,1081.32
INV-60050,2,AC-1086,3,3341.93,10025.79,2390.86,2853.21
INV-60050,3,GEAR-1060,5,4439.57,22197.85,3102.4300000000003,6685.7
INV-60050,4,CONV-1022,1,2636.56,2636.56,2154.05,482.51
INV-60051,1,CONV-1089,2,7019.91,14039.82,5864.59,2310.64
INV-60051,3,CONV-1023,1,5850.75,5850.75,3652.15,2198.6
INV-60052,1,TIM-LM11949-LM11910,10,9.46,94.6,7.6,18.6
INV-60052,2,CONV-1059,1,5263.42,5263.42,3693.63,1569.79
INV-60052,3,TIMI-1020,6,73.15,438.9,52.03,126.72
INV-60052,4,ROLL-1012,100,59.14,5914.0,47.52,1162.0
INV-60053,1,SHEA-1038,1,457.09,457.09,295.28000000000003,161.81
INV-60053,3,TIMI-1071,12,96.4,1156.8,74.85000000000001,258.6
INV-60054,1,SPRO-1002,25,90.07,2251.75,65.84,605.75
INV-60054,2,ROLL-1044,3,241.9,725.7,140.68,303.66
INV-60054,3,TIMI-1030,10,105.56,1055.6,66.14,394.2
INV-60054,4,GAT-B62,25,18.58,464.5,12.7,147.0
INV-60054,5,MOUN-1062,3,210.21,630.63,135.75,223.38
INV-60055,2,MOUN-1062,2,210.21,420.42,135.75,148.92
INV-60056,1,SHEA-1077,2,114.3,228.6,67.98,92.64
INV-60057,1,GEAR-1084,3,5318.78,15956.34,3456.0,5588.34
INV-60057,2,MOUN-1008,10,103.25,1032.5,71.79,314.6
INV-60057,3,SHEA-1028,1,473.86,473.86,284.6,189.26
INV-60057 ,4,MOUN-1081,2,74.96,149.92,61.24,27.44
INV-60058,1,CONV-1023,2,5330.68,10661.36,3652.15,3357.06
INV-60059,1,SPRO-1061,4,115.25,461.0,87.28,111.88
INV-60059,2,SPRO-1087,1,61.79,61.79,44.550000000000004,17.24
INV-60060,1,AC-1054,3,2419.21,7257.63,1828.58,1771.89
INV-60060,2,SPRO-1041,6,57.91,347.46,35.35,135.36
INV-60060,3,AC-1086,1,3593.47,3593.47,2390.86,1202.61
INV-60061,1,TIMI-1032,2,54.1,108.2,32.99,42.22
INV-60061,2,SHEA-1007,1,211.8,211.8,129.94,81.86
INV-60062,1,ROLL-1026,3,225.86,677.58,129.92000000000002,287.82
INV-60062,2,SPRO-1047,50,22.37,1118.5,13.77,430.0
INV-60063,1,SPRO-1087,10,53.33,533.3,44.550000000000004,87.8
INV-60063,2,MOUN-1083,2,113.72,227.44,87.77,51.9
INV-60063,3,TIMI-1014,10,68.98,689.8,49.480000000000004,195.0
INV-60063,4,GEAR-1060,1,4044.95,4044.95,3102.4300000000003,942.52
INV-60063,5,SPRO-1070,6,32.95,197.7,22.96,59.94
INV-60064,1,AC-1086,5,3793.1,18965.5,2390.86,7011.2
INV-60064,2,SHEA-1028,1,500.18,500.18,284.6,215.58
INV-60064,3,CONV-1046,5,9794.27,48971.35,7311.89,12411.9
INV-60064,4,MOUN-1031,100,55.63,5563.0,38.78,1685.0
INV-60064,5,GEAR-1016,2,2725.51,5451.02,2265.26,920.5
INV-60065,1,SPRO-1050,1,17.99,17.99,12.85,5.14
INV-60065,2,ROLL-1044,5,241.9,1209.5,140.68,506.1
INV-60065,3,AC-1074,1,2567.55,2567.55,1663.14,904.41
INV-60065,4,GEAR-1073,2,2927.51,5855.02,1938.75,1977.52
INV-60065,5,ROLL-1021,4,131.32,525.28,81.74,198.32
INV-60066,1,SHEA-1045,50,64.37,3218.5,47.68,834.5
INV-60066,2,TIMI-1056,10,25.09,250.9,17.21,78.8
INV-60066,3,TIM-LM11949-LM11910,4,8.96,35.84,7.6,5.44
INV-60066,4,CONV-1043,2,2484.13,4968.26,1971.53,1025.2
INV-60066,5,AC-1074,1,2385.34,2385.34,1663.14,722.2
INV-60067,1,SHEA-1082,1,285.52,285.52,186.61,98.91
INV-60068,1,GEAR-1016,3,3375.24,10125.72,2265.26,3329.94
INV-60068,2,SHEA-1019,12,174.83,2097.96,94.5,963.96
INV-60069,1,SHEA-1088,5,289.7,1448.5,189.79,499.55
INV-60069,2,SHEA-1007,3,211.8,635.4,129.94,245.58
INV-60070,1,AC-1057,3,1057.42,3172.26,687.08,1111.02
INV-60070,2,ROLL-1012,10,56.02,560.2,47.52,85.0
INV-60070,3,TIMI-1032,6,48.69,292.14,32.99,94.2
INV-60070,4,SPRO-1087,25,58.54,1463.5,44.550000000000004,349.75
INV-60070,5,SPRO-1069,2,182.33,364.66,115.11,134.44
INV-60071,1,MOUN-1083,12,131.75,1581.0,87.77,527.76
INV-60071,2,SHEA-1035,1,197.53,197.53,148.52,49.01
INV-60072,2,CONV-1039,3,7916.29,23748.87,7046.72,2608.71
INV-60072,3,SHEA-1003,3,264.81,794.43,235.72,87.27
INV-60073,1,ROLL-1012,25,51.05,1276.25,47.52,88.25
INV-60073,2,GEAR-1066,3,1447.57,4342.71,1270.02,532.65
INV-60073,3,TIMI-1058,10,110.11,1101.1,84.45,256.6
INV-60073,4,CONV-1051,5,5033.5,25167.5,4147.58,4429.6
INV-60074,1,SPRO-1055,200,39.06,7812.0,26.94,2424.0
INV-60074,3,CONV-1023,3,5980.76,17942.28,3652.15,6985.83
INV-60074,4,CONV-1046,2,10309.76,20619.52,7311.89,5995.74
INV-60075,1,ROLL-1012,2,59.14,118.28,47.52,23.24
INV-60076,1,MOUN-1083,2,131.75,263.5,87.77,87.96
INV-60076,2,CONV-1046,3,9304.56,27913.68,7311.89,5978.01
INV-60077,1,SPRO-1076,25,17.16,429.0,13.24,98.0
INV-60077,2,SPRO-1041,1,57.91,57.91,35.35,22.56
INV-60077,3,MOUN-1062,1,199.14,199.14,135.75,63.39
INV-60077,4,SPRO-1076,50,17.16,858.0,13.24,196.0
INV-60077,5,SPRO-1015,100,93.97,9397.0,74.58,1939.0
INV-60078,1,SPRO-1070,10,32.95,329.5,22.96,99.9
INV-60078,2,SKF-6308-2Z,50,10.93,546.5,10.25,34.0
INV-60079,1,ROLL-1053,100,102.63,10263.0,86.10000000000001,1653.0
INV-60079,2,GEAR-1066,3,1271.04,3813.12,1270.02,3.06
INV-60080,1,ROLL-1053,4,111.42,445.68,86.10000000000001,101.28
INV-60080,2,SPRO-1009,1,38.43,38.43,24.54,13.89
INV-60080,4,SHEA-1045,200,64.37,12874.0,47.68,3338.0
INV-60081,1,CONV-1042,3,7636.18,22908.54,5159.58,7429.8
INV-60081,2,TIMI-1000,2,62.25,124.5,43.53,37.44
INV-60081,3,SPRO-1069,1,202.59,202.59,115.11,87.48
INV-60081,4,AC-1063,1,2247.5,2247.5,1677.24,570.26
INV-60081,5,GAT-B62,10,19.56,195.6,12.7,68.6
INV-60082,1,CONV-1089,5,7409.9,37049.5,5864.59,7726.55
INV-60082,2,SHEA-1068,1,290.24,290.24,180.78,109.46
INV-60082,3,SPRO-1015,200,99.19,19838.0,74.58,4922.0
INV-60082,4,TIMI-1014,6,79.91,479.46,49.480000000000004,182.58
INV-60082,5,CONV-1046,3,9794.27,29382.81,7311.89,7447.14
INV-60083,1,SPRO-1087,12,53.33,639.96,44.550000000000004,105.36
INV-60083,2,SPRO-1041,50,52.76,2638.0,35.35,870.5
INV-60083,3,CONV-1042,2,6261.67,12523.34,5159.58,2204.18
INV-60084,1,MOUN-1034,4,42.77,171.08,23.82,75.8
INV-60084,2,MOUN-1062,1,203.9,203.9,135.75,68.15
INV-60085,1,MOUN-1029,4,129.68,518.72,86.28,173.6
INV-60085,2,AC-1086,5,3593.47,17967.35,2390.86,6013.05
INV-60085,3,GEAR-1067,1,632.08,632.08,498.09000000000003,133.99
INV-60085,4,AC-1054,3,2419.21,7257.63,1828.58,1771.89
INV-60086,1,CONV-1051,3,5770.11,17310.33,4147.58,4867.59
INV-60087,1,SPRO-1087,2,61.79,123.58,44.550000000000004,34.48
INV-60087,2,AC-1006,3,3521.74,10565.22,2130.52,4173.66
INV-60087,3,CONV-1042,2,7036.74,14073.48,5159.58,3754.32
INV-60087,4,TIMI-1000,10,59.14,591.4,43.53,156.1
INV-60088,1,CONV-1046,3,9278.78,27836.34,7311.89,5900.67
INV-60088,2,TIMI-1056,12,25.09,301.08,17.21,94.56
INV-60088,3,CONV-1013,1,3973.84,3973.84,2336.18,1637.66
INV-60089,1,AC-1085,5,480.61,2403.05,365.76,574.25
INV-60089,4,MOUN-1083,6,124.81,748.86,87.77,222.24
INV-60090,1,ROLL-1079,2,160.9,321.8,102.65,116.5
INV-60091,1,SKF-6205-2RS1,100,4.6,460.0,3.55,105.0
INV-60092,1,CONV-1089,1,6395.92,6395.92,5864.59,531.33
INV-60092,2,GEAR-1010,5,3972.42,19862.1,2784.15,5941.35
INV-60093,1,SPRO-1002,1,90.07,90.07,65.84,24.23
INV-60093,2,SPRO-1004 ,50,53.72,2686.0,42.84,544.0
INV-60093,3,MOUN-1029,200,136.89,27378.0,86.28,10122.0
INV-60094,1,SPRO-1002,100,85.33,8533.0,65.84,1949.0
INV-60094,2,AC-1057 ,3,951.68,2855.04,687.08,793.8
INV-60094,3,SKF-6308-2Z,1,12.0,12.0,10.25,1.75
INV-60094,4,SPRO-1076,100,17.16,1716.0,13.24,392.0
INV-60095 ,1,SHEA-1077,25,108.29,2707.25,67.98,1007.75
INV-60095,2,TIMI-1032,50,48.69,2434.5,32.99,785.0
INV-60096 ,1,ROLL-1012,10,59.14,591.4,47.52,116.2
INV-60096,2,ROLL-1012,200,59.14,11828.0,47.52,2324.0
INV-60096,3,SHEA-1035,1,197.53,197.53,148.52,49.01
INV-60096,4,SHEA-1077,100,114.3,11430.0,67.98,4632.0
INV-60096,5,GEAR-1073,1,2781.13,2781.13,1938.75,842.38
INV-60097,1,SPRO-1069,1,192.46,192.46,115.11,77.35
INV-60098,2,CONV-1059,3,5263.42,15790.26,3693.63,4709.37
INV-60098,3,SHEA-1038,3,482.49,1447.47,295.28000000000003,561.63
INV-60098,4,GAT-B62,4,18.58,74.32,12.7,23.52
INV-60099,1,SPRO-1078,12,112.8,1353.6,69.25,522.6
INV-60099,2,CONV-1042,5,7636.18,38180.9,5159.58,12383.0
INV-60099,3,CONV-1013,1,4415.38,4415.38,2336.18,2079.2
INV-60100,1,SHEA-1025,5,251.55,1257.75,153.95000000000002,488.0
INV-60101,1,MOUN-1062,3,210.21,630.63,135.75,223.38
INV-60102,1,SPRO-1055,12,32.03,384.36,26.94,61.08
INV-60102,2,MOUN-1029,50,107.52,5376.0,86.28,1062.0
INV-60103,1,SKF-6308-2Z,25,13.33,333.25,10.25,77.0
INV-60103,2,CONV-1013,3,4415.38,13246.14,2336.18,6237.6
INV-60103,3,SPRO-1002 ,1,94.81,94.81,65.84,28.97
INV-60103,4,SPRO-1015,200,104.41,20882.0,74.58,5966.0
INV-60103,5,AC-1086,1,3992.74,3992.74,2390.86,1601.88
INV-60104,1,SPRO-1050,6,15.04,90.24,12.85,13.14
INV-60104,2,SHEA-1035,3,197.53,592.59,148.52,147.03
INV-60104,3,AC-1086,3,3793.1,11379.3,2390.86,4206.72
INV-60104,4,AC-1006,2,3521.74,7043.48,2130.52,2782.44
INV-60105,1,SHEA-1049,1,250.58,250.58,153.4,97.18
INV-60105,2,CONV-1022,3,2783.03,8349.09,2154.05,1886.94
INV-60105,3,SPRO-1055,200,37.11,7422.0,26.94,2034.0
INV-60105,4,MOUN-1008,25,102.03,2550.75,71.79,756.0
INV-60105,5,GEAR-1060,1,4686.22,4686.22,3102.4300000000003,1583.79
INV-60106 ,1,SPRO-1061,1,115.25,115.25,87.28,27.97
INV-60106,2,GEAR-1080,1,2425.4,2425.4,1484.33,941.07
INV-60107,1,TIM-LM11949-LM11910,2,9.46,18.92,7.6,3.72
INV-60108,1,CONV-1013,1,3973.84,3973.84,2336.18,1637.66
INV-60108,2,DOD-TXT315,5,1476.18,7380.9,1180.0,1480.9
INV-60109,1,SPRO-1002 ,1,85.33,85.33,65.84,19.49
INV-60109,2,SPRO-1009,10,38.43,384.3,24.54,138.9
INV-60109,3,SHEA-1068,1,274.97,274.97,180.78,94.19
INV-60109,4,AC-1040,3,800.8,2402.4,609.44,574.08
INV-60110,1,AC-1074,3,2622.77,7868.31,1663.14,2878.89
INV-60111,1,ROLL-1079,2,160.9,321.8,102.65,116.5
INV-60111,2,GEAR-1073 ,3,2781.13,8343.39,1938.75,2527.14
INV-60111,3,TIMI-1017,200,71.27,14254.0,50.69,4116.0
INV-60112,1,GEAR-1080,3,2297.75,6893.25,1484.33,2440.26
INV-60112,2,SPRO-1004,2,50.89,101.78,42.84,16.1
INV-60113,2,MOUN-1034,4,38.49,153.96,23.82,58.68
INV-60114,1,AC-1074,5,2263.86,11319.3,1663.14,3003.6
INV-60115,1,AC-1057,2,1116.16,2232.32,687.08,858.16
INV-60115,2,SHEA-1003,1,306.79,306.79,235.72,71.07
INV-60116,1,SPRO-1041,2,61.12,122.24,35.35,51.54
INV-60116,2,SPRO-1070,25,38.17,954.25,22.96,380.25
INV-60116,4,AC-1074,1,2622.77,2622.77,1663.14,959.63
INV-60116,5,GEAR-1084,2,5614.27,11228.54,3456.0,4316.54
INV-60117,1,SPRO-1041,50,57.91,2895.5,35.35,1128.0
INV-60117,2,SHEA-1045,200,64.37,12874.0,47.68,3338.0
INV-60117,3,GEAR-1080,3,2297.75,6893.25,1484.33,2440.26
INV-60117,4,SHEA-1035,5,187.14,935.7,148.52,193.1
INV-60118,1,TIMI-1014,50,84.12,4206.0,49.480000000000004,1732.0
INV-60118,2,AC-1054,1,2688.01,2688.01,1828.58,859.43
INV-60119,1,SPRO-1061,4,109.19,436.76,87.28,87.64
INV-60119,2,GEAR-1066 ,1,1588.8,1588.8,1270.02,318.78
INV-60119,3,TIMI-1020,200,69.3,13860.0,52.03,3454.0
INV-60120,1,SPRO-1015,12,85.62,1027.44,74.58,132.48
INV-60121,1,CONV-1051,5,5033.5,25167.5,4147.58,4429.6
INV-60121,2,ROLL-1079,1,120.25,120.25,102.65,17.6
INV-60121,4,TIMI-1071,12,97.59,1171.08,74.85000000000001,272.88
INV-60122,2,TIMI-1014,200,79.91,15982.0,49.480000000000004,6086.0
INV-60122,5,ROLL-1012,1,59.14,59.14,47.52,11.62
INV-60123,1,AC-1085,2,422.94,845.88,365.76,114.36
INV-60123,2,MOUN-1029,12,129.68,1556.16,86.28,520.8
INV-60123,3,SPRO-1070,200,36.16,7232.0,22.96,2640.0
INV-60124,1,SPRO-1055,12,37.11,445.32,26.94,122.04
INV-60124,2,SPRO-1011,3,212.73,638.19,118.48,282.75
INV-60125,1,SPRO-1002,25,80.16,2004.0,65.84,358.0
INV-60126,1,SPRO-1041,200,61.12,12224.0,35.35,5154.0
INV-60126,2,GEAR-1010,1,4602.2,4602.2,2784.15,1818.05
INV-60127,1,TIM-LM11949-LM11910,4,9.96,39.84,7.6,9.44
INV-60127,2,DOD-TXT315,2,1640.2,3280.4,1180.0,920.4
INV-60128,1,TIMI-1017,2,71.27,142.54,50.69,41.16
INV-60128,2,MOUN-1008,4,115.94,463.76,71.79,176.6
INV-60128 ,3,MOUN-1029,50,136.89,6844.5,86.28,2530.5
INV-60129,1,SHEA-1028,1,500.18,500.18,284.6,215.58
INV-60129,2,AC-1074,2,2491.63,4983.26,1663.14,1656.98
INV-60129,3,MOUN-1029,12,136.89,1642.68,86.28,607.32
INV-60129,4,SHEA-1035,3,197.53,592.59,148.52,147.03
INV-60130,1,ROLL-1012,4,59.14,236.56,47.52,46.48
INV-60130,2,MOUN-1031,2,55.63,111.26,38.78,33.7
INV-60130,3,GEAR-1060,1,4686.22,4686.22,3102.4300000000003,1583.79
INV-60131,1,BRI-HHCS-0500-13-200-G8,6,51.11,306.66,44.75,38.16
INV-60131,2,CONV-1065,3,4311.78,12935.34,2903.56,4224.66
INV-60131,3,SHEA-1088,1,271.59,271.59,189.79,81.8
INV-60132,1,SKF-6205-2RS1,4,4.55,18.2,3.55,4.0
INV-60132,2,SPRO-1050,10,17.99,179.9,12.85,51.4
INV-60132,3,MOUN-1083,200,138.68,27736.0,87.77,10182.0
INV-60132,4,SPRO-1002,10,94.81,948.1,65.84,289.7
INV-60132,5,GEAR-1080,5,2553.05,12765.25,1484.33,5343.6
INV-60133,1,AC-1057,1,1174.91,1174.91,687.08,487.83
INV-60133,2,SHEA-1003,3,322.94,968.82,235.72,261.66
INV-60133,3,AC-1033,3,1443.12,4329.36,1093.27,1049.55
INV-60133,4,CONV-1043,2,2760.14,5520.28,1971.53,1577.22
INV-60133,5,SHEA-1068,2,305.52,611.04,180.78,249.48
INV-60134 ,1,AC-1033,5,1183.36,5916.8,1093.27,450.45
INV-60134,2,CONV-1022,1,2402.2,2402.2,2154.05,248.15
INV-60134,3,SPRO-1050,6,14.75,88.5,12.85,11.4
INV-60134,4,AC-1048,1,2075.36,2075.36,1745.47,329.89
INV-60134,5,SHEA-1088,5,247.45,1237.25,189.79,288.3
INV-60135,1,GAT-B62,2,18.58,37.16,12.7,11.76
INV-60135,2,SPRO-1041,25,53.79,1344.75,35.35,461.0
INV-60136,1,GEAR-1060,1,4932.86,4932.86,3102.4300000000003,1830.43
INV-60136,2,SHEA-1049,1,277.65,277.65,153.4,124.25
INV-60136,3,SHEA-1049,3,260.99,782.97,153.4,322.77
INV-60136,4,MOUN-1018,3,193.16,579.48,109.13,252.09
INV-60137,1,CONV-1052,1,3640.77,3640.77,2311.6,1329.17
INV-60137,2,MOUN-1081,10,74.96,749.6,61.24,137.2
INV-60137,3,ROLL-1053,4,122.44,489.76,86.10000000000001,145.36
INV-60137,4,MOUN-1083,200,124.81,24962.0,87.77,7408.0
INV-60137,5,TIMI-1075,200,96.26,19252.0,72.76,4700.0
INV-60138,1,SHEA-1038,1,457.09,457.09,295.28000000000003,161.81
INV-60138,2,TIMI-1032,10,48.69,486.9,32.99,157.0
INV-60138,3,SHEA-1088,1,271.59,271.59,189.79,81.8
INV-60138,4,SHEA-1038,3,457.09,1371.27,295.28000000000003,485.43
INV-60138,5,SHEA-1064,1,205.2,205.2,139.88,65.32
INV-60139,1,CONV-1043,1,2484.13,2484.13,1971.53,512.6
INV-60139,2,SHEA-1064,1,205.2,205.2,139.88,65.32
INV-60139,3,TIMI-1075,25,96.26,2406.5,72.76,587.5
INV-60139,4,TIMI-1017,10,67.52,675.2,50.69,168.3
INV-60139,5,MOUN-1034,25,40.52,1013.0,23.82,417.5
INV-60140,1,CONV-1022,2,2393.41,4786.82,2154.05,478.72
INV-60140,2,CONV-1043,2,2622.13,5244.26,1971.53,1301.2
INV-60140,3,CONV-1052,2,3843.03,7686.06,2311.6,3062.86
INV-60141,1,TIMI-1014,1,75.71,75.71,49.480000000000004,26.23
INV-60141,2,GAT-B62,12,17.6,211.2,12.7,58.8
INV-60142,1,MOUN-1034,10,40.52,405.2,23.82,167.0
INV-60142,2,SHEA-1088,5,271.59,1357.95,189.79,409.0
INV-60143,1,TIM-LM11949-LM11910,1,8.17,8.17,7.6,0.57
INV-60143,2,TIMI-1030,12,91.12,1093.44,66.14,299.76
INV-60143,3,GEAR-1010,1,3972.42,3972.42,2784.15,1188.27
INV-60143,4,TIMI-1058,100,110.11,11011.0,84.45,2566.0
INV-60143,5,CONV-1023,3,5330.68,15992.04,3652.15,5035.59
INV-60144,1,CONV-1023,5,5850.75,29253.75,3652.15,10993.0
INV-60145,1,CONV-1059,3,4986.4,14959.2,3693.63,3878.31
INV-60145,2,ROLL-1079,2,152.43,304.86,102.65,99.56
INV-60146,1,TIMI-1030,12,100.01,1200.12,66.14,406.44
INV-60146,2,SPRO-1070,6,36.16,216.96,22.96,79.2
INV-60146,3,TIMI-1058,2,120.85,241.7,84.45,72.8
INV-60146 ,5,CONV-1059,1,4986.4,4986.4,3693.63,1292.77
INV-60147,1,SPRO-1027,200,97.04,19408.0,77.98,3812.0
INV-60147,2,ROLL-1079,1,160.9,160.9,102.65,58.25
INV-60148,1,SPRO-1050,25,17.09,427.25,12.85,106.0
INV-60149,1,BRI-HHCS-0500-13-200-G8,1,56.79,56.79,44.75,12.04
INV-60149,2,CONV-1023,3,5850.75,17552.25,3652.15,6595.8
INV-60150,1,MOUN-1008,200,109.84,21968.0,71.79,7610.0
INV-60150,2,SPRO-1011,5,201.54,1007.7,118.48,415.3
INV-60150,3,SHEA-1072,2,133.97,267.94,101.96000000000001,64.02
INV-60150,4,GAT-B62,6,17.6,105.6,12.7,29.4
INV-60151,1,DOD-TXT315,2,1476.18,2952.36,1180.0,592.36
INV-60152,1,TIMI-1058,12,120.85,1450.2,84.45,436.8
INV-60152,2,CONV-1039,1,8688.61,8688.61,7046.72,1641.89
INV-60153,1,ROLL-1044,1,229.17,229.17,140.68,88.49
INV-60154,1,AC-1074,1,2484.73,2484.73,1663.14,821.59
INV-60154,2,ROLL-1012,25,52.66,1316.5,47.52,128.5
INV-60154,3,GEAR-1067,2,543.59,1087.18,498.09000000000003,91.0
INV-60155,1,MOUN-1029,100,118.01,11801.0,86.28,3173.0
INV-60155,3,TIMI-1014,10,75.71,757.1,49.480000000000004,262.3
INV-60156,2,AC-1048,5,2075.36,10376.8,1745.47,1649.45
INV-60157,1,CONV-1089,1,7409.9,7409.9,5864.59,1545.31
INV-60158,1,SPRO-1041,200,45.37,9074.0,35.35,2004.0
INV-60158,2,BRI-HHCS-0500-13-200-G8,1,51.74,51.74,44.75,6.99
INV-60158,3,CONV-1042,5,6261.67,31308.35,5159.58,5510.45
INV-60159,1,CONV-1022,1,2636.56,2636.56,2154.05,482.51
INV-60160,1,SHEA-1028,3,431.74,1295.22,284.6,441.42
INV-60160,2,GEAR-1010 ,1,3972.42,3972.42,2784.15,1188.27
INV-60160,3,SPRO-1050,100,14.75,1475.0,12.85,190.0
INV-60161,1,AC-1074,5,2622.77,13113.85,1663.14,4798.15
INV-60162,1,ROLL-1012,4,62.25,249.0,47.52,58.92
INV-60162,2,SPRO-1002 ,10,94.81,948.1,65.84,289.7
INV-60162,3,CONV-1065,5,4790.87,23954.35,2903.56,9436.55
INV-60162 ,4,TIMI-1071,100,119.01,11901.0,74.85000000000001,4416.0
INV-60163,1,CONV-1043,3,2484.13,7452.39,1971.53,1537.8
INV-60164,1,TIMI-1071,25,113.06,2826.5,74.85000000000001,955.25
INV-60164,2,SHEA-1082,5,301.38,1506.9,186.61,573.85
INV-60164,3,MOUN-1029,200,136.89,27378.0,86.28,10122.0
INV-60165,1,SHEA-1068,3,290.24,870.72,180.78,328.38
INV-60166,2,GEAR-1067,1,702.31,702.31,498.09000000000003,204.22
INV-60166,3,CONV-1065,1,4790.87,4790.87,2903.56,1887.31
INV-60166,4,CONV-1042,1,7636.18,7636.18,5159.58,2476.6
INV-60167,1,CONV-1039,2,8688.61,17377.22,7046.72,3283.78
INV-60168,1,CONV-1013,3,4194.61,12583.83,2336.18,5575.29
INV-60168,2,SPRO-1027,25,97.04,2426.0,77.98,476.5
INV-60169,1,MOUN-1034,200,39.17,7834.0,23.82,3070.0
INV-60170,3,CONV-1052,5,4045.3,20226.5,2311.6,8668.5
INV-60171,1,GEAR-1060,5,4044.95,20224.75,3102.4300000000003,4712.6
INV-60171,2,AC-1057,2,963.43,1926.86,687.08,552.7
INV-60171,3,TIMI-1058,50,110.11,5505.5,84.45,1283.0
INV-60171,4,MOUN-1008,50,100.07,5003.5,71.79,1414.0
INV-60172,1,CONV-1089,5,7409.9,37049.5,5864.59,7726.55
INV-60173,1,TIMI-1056,10,27.88,278.8,17.21,106.7
INV-60173,2,SHEA-1037,6,159.37,956.22,99.06,361.86
INV-60173,3,SHEA-1049,5,277.65,1388.25,153.4,621.25
INV-60173,4,SHEA-1088,5,286.68,1433.4,189.79,484.45
INV-60174,1,CONV-1051,1,5831.5,5831.5,4147.58,1683.92
INV-60175,1,SPRO-1069,1,202.59,202.59,115.11,87.48
INV-60176 ,1,CONV-1046,2,9278.78,18557.56,7311.89,3933.78
INV-60176,2,AC-1057,2,1057.42,2114.84,687.08,740.68
INV-60176,3,ROLL-1012,25,56.02,1400.5,47.52,212.5
INV-60176,4,SHEA-1064,2,205.2,410.4,139.88,130.64
INV-60176,5,SHEA-1077,12,108.29,1299.48,67.98,483.72
INV-60177,1,GEAR-1016,1,2767.7,2767.7,2265.26,502.44
INV-60178,1,SHEA-1072 ,1,148.86,148.86,101.96000000000001,46.9
INV-60178,2,SHEA-1068,1,305.52,305.52,180.78,124.74
INV-60178,3,AC-1063,3,2247.5,6742.5,1677.24,1710.78
INV-60178,4,SHEA-1003,5,322.94,1614.7,235.72,436.1
INV-60179,1,BRI-HHCS-0500-13-200-G8,6,51.74,310.44,44.75,41.94
INV-60180,1,GEAR-1016,1,3206.48,3206.48,2265.26,941.22
INV-60180,2,SPRO-1002,4,73.0,292.0,65.84,28.64
INV-60180,3,SKF-6205-2RS1,200,4.85,970.0,3.55,260.0
INV-60180,4,MOUN-1081,50,79.13,3956.5,61.24,894.5
INV-60180,5,ROLL-1044,2,241.9,483.8,140.68,202.44
INV-60181,1,SKF-6308-2Z,50,12.66,633.0,10.25,120.5
INV-60181,2,AC-1063,1,1985.66,1985.66,1677.24,308.42
INV-60181,3,SHEA-1003,1,306.79,306.79,235.72,71.07
INV-60181,4,SPRO-1047,100,21.48,2148.0,13.77,771.0
INV-60182,1,BRI-HHCS-0500-13-200-G8,1,56.79,56.79,44.75,12.04
INV-60182,2,SHEA-1045,200,64.37,12874.0,47.68,3338.0
INV-60182,4,CONV-1052,1,3640.77,3640.77,2311.6,1329.17
INV-60182,5,AC-1074,2,2484.73,4969.46,1663.14,1643.18
INV-60183,1,MOUN-1081,6,79.13,474.78,61.24,107.34
INV-60183,2,ROLL-1053,4,129.24,516.96,86.10000000000001,172.56
INV-60183,4,AC-1006,5,3521.74,17608.7,2130.52,6956.1
INV-60183,5,CONV-1022,3,2783.03,8349.09,2154.05,1886.94
INV-60184,1,SHEA-1007,1,211.8,211.8,129.94,81.86
INV-60185,1,MOUN-1018,3,173.84,521.52,109.13,194.13
INV-60185,2,TIM-LM11949-LM11910,100,8.96,896.0,7.6,136.0
INV-60185,3,SPRO-1055,1,35.15,35.15,26.94,8.21
INV-60186,1,AC-1074,3,2760.81,8282.43,1663.14,3293.01
INV-60186 ,2,SPRO-1050,10,17.99,179.9,12.85,51.4
INV-60186,3,MOUN-1008,200,122.04,24408.0,71.79,10050.0
INV-60186,4,SHEA-1049,1,277.65,277.65,153.4,124.25
INV-60186 ,5,SPRO-1055,2,39.06,78.12,26.94,24.24
INV-60187,1,SHEA-1072,1,148.86,148.86,101.96000000000001,46.9
INV-60188,1,SHEA-1068,1,274.97,274.97,180.78,94.19
INV-60189,1,AC-1054,1,2419.21,2419.21,1828.58,590.63
INV-60189,2,AC-1063,1,2022.75,2022.75,1677.24,345.51
INV-60189,3,AC-1006,3,3336.39,10009.17,2130.52,3617.61
INV-60189,4,SHEA-1088,3,271.59,814.77,189.79,245.4
INV-60189,5,ROLL-1012,4,56.02,224.08,47.52,34.0
INV-60190,1,GEAR-1016,5,3037.72,15188.6,2265.26,3862.3
INV-60190,2,TIMI-1017,10,67.52,675.2,50.69,168.3
INV-60190,3,SHEA-1082,5,265.53,1327.65,186.61,394.6
INV-60190,4,SPRO-1047,25,21.2,530.0,13.77,185.75
INV-60191,1,ROLL-1012,6,48.74,292.44,47.52,7.32
INV-60191,2,MOUN-1083,2,124.81,249.62,87.77,74.08
INV-60192,1,SPRO-1055,10,32.03,320.3,26.94,50.9
INV-60192,2,TIM-LM11949-LM11910,4,8.17,32.68,7.6,2.28
INV-60192,4,GEAR-1066,1,1447.57,1447.57,1270.02,177.55
INV-60193,1,MOUN-1081 ,1,74.96,74.96,61.24,13.72
INV-60193,2,GEAR-1066,1,1588.8,1588.8,1270.02,318.78
INV-60193,3,SHEA-1003,1,290.65,290.65,235.72,54.93
INV-60194,1,SPRO-1027,4,83.76,335.04,77.98,23.12
INV-60194,2,GAT-B62,200,15.24,3048.0,12.7,508.0
INV-60195,2,CONV-1065,2,4311.78,8623.56,2903.56,2816.44
INV-60195,3,SKF-6308-2Z,50,10.44,522.0,10.25,9.5
INV-60195,4,AC-1086,5,3593.47,17967.35,2390.86,6013.05
INV-60196,1,TIMI-1075,100,101.61,10161.0,72.76,2885.0
INV-60196,2,AC-1086,3,3793.1,11379.3,2390.86,4206.72
INV-60196,3,MOUN-1062,2,210.21,420.42,135.75,148.92
INV-60196,4,CONV-1042,3,6456.39,19369.17,5159.58,3890.43
INV-60196,5,MOUN-1081,10,79.13,791.3,61.24,178.9
INV-60197,1,CONV-1052,1,3843.03,3843.03,2311.6,1531.43
INV-60198 ,1,CONV-1059,1,5540.44,5540.44,3693.63,1846.81
INV-60198,2,SHEA-1019,4,174.83,699.32,94.5,321.32
INV-60198,3,MOUN-1008,200,122.04,24408.0,71.79,10050.0
INV-60198,4,CONV-1059,5,5540.44,27702.2,3693.63,9234.05
INV-60199,1,SPRO-1069,1,202.59,202.59,115.11,87.48
INV-60199,2,GEAR-1066,2,1765.33,3530.66,1270.02,990.62
INV-60199,3,TIMI-1075,50,106.96,5348.0,72.76,1710.0
INV-60200,1,SPRO-1061,200,106.03,21206.0,87.28,3750.0
INV-60200,2,AC-1033,2,1370.96,2741.92,1093.27,555.38
INV-60200,3,SHEA-1049,5,263.77,1318.85,153.4,551.85
INV-60201,1,SHEA-1003,1,264.81,264.81,235.72,29.09
INV-60201,2,GEAR-1066,3,1447.57,4342.71,1270.02,532.65
INV-60201,3,DOD-TXT315,3,1344.96,4034.88,1180.0,494.88
INV-60202,1,CONV-1059,3,5263.42,15790.26,3693.63,4709.37
INV-60203,1,MOUN-1062,1,210.21,210.21,135.75,74.46
INV-60203,2,AC-1048,1,2404.38,2404.38,1745.47,658.91
INV-60204,1,SHEA-1088,1,271.59,271.59,189.79,81.8
INV-60204,2,GEAR-1016,1,3037.72,3037.72,2265.26,772.46
INV-60204,3,GEAR-1060,1,4439.57,4439.57,3102.4300000000003,1337.14
INV-60204,4,AC-1048,5,2277.84,11389.2,1745.47,2661.85
INV-60205,1,GEAR-1080,1,2297.75,2297.75,1484.33,813.42
INV-60205,2,GEAR-1010,3,4359.98,13079.94,2784.15,4727.49
INV-60205,3,SHEA-1082,1,285.52,285.52,186.61,98.91
INV-60205,4,SPRO-1027,100,91.94,9194.0,77.98,1396.0
INV-60205,5,GEAR-1010,5,4359.98,21799.9,2784.15,7879.15
INV-60206,1,SHEA-1068,3,274.97,824.91,180.78,282.57
INV-60206,2,SHEA-1019,100,157.35,15735.0,94.5,6285.0
INV-60206,3,SHEA-1028,1,473.86,473.86,284.6,189.26
INV-60207,1,MOUN-1062,1,210.21,210.21,135.75,74.46
INV-60207,2,ROLL-1053,10,129.24,1292.4,86.10000000000001,431.4
INV-60207,3,MOUN-1083,100,131.75,13175.0,87.77,4398.0
INV-60208,1,SPRO-1047,100,22.37,2237.0,13.77,860.0
INV-60209,1,TIMI-1030,12,105.56,1266.72,66.14,473.04
INV-60210,1,MOUN-1081,2,68.3,136.6,61.24,14.12
INV-60210,2,SHEA-1037,100,140.52,14052.0,99.06,4146.0
INV-60210,3,ROLL-1053,2,111.55,223.1,86.10000000000001,50.9
INV-60211,1,GEAR-1080,1,2297.75,2297.75,1484.33,813.42
INV-60212,1,ROLL-1053,6,129.24,775.44,86.10000000000001,258.84
INV-60213,1,GEAR-1080,5,2425.4,12127.0,1484.33,4705.35
INV-60213,2,ROLL-1079,5,149.64,748.2,102.65,234.95
INV-60214,1,CONV-1065,1,3928.51,3928.51,2903.56,1024.95
INV-60214,2,AC-1086,3,3274.05,9822.15,2390.86,2649.57
INV-60215,1,AC-1048,5,1784.81,8924.05,1745.47,196.7
INV-60215,2,TIMI-1000,200,51.05,10210.0,43.53,1504.0
INV-60215,3,SHEA-1077,6,98.66,591.96,67.98,184.08
INV-60216,1,AC-1086,1,3274.05,3274.05,2390.86,883.19
INV-60217,1,SHEA-1049,1,227.67,227.67,153.4,74.27
INV-60217,2,CONV-1065,1,3928.51,3928.51,2903.56,1024.95
INV-60217,3,TIMI-1071,25,97.59,2439.75,74.85000000000001,568.5
INV-60217,4,SHEA-1088,5,247.45,1237.25,189.79,288.3
INV-60217,5,CONV-1046,1,8454.0,8454.0,7311.89,1142.11
INV-60218,1,SPRO-1002,10,85.33,853.3,65.84,194.9
INV-60218,2,CONV-1046 ,1,9278.78,9278.78,7311.89,1966.89
INV-60218,3,CONV-1059,1,4986.4,4986.4,3693.63,1292.77
INV-60219,1,SHEA-1037,200,145.66,29132.0,99.06,9320.0
INV-60220,1,AC-1054,2,2688.01,5376.02,1828.58,1718.86
INV-60220,2,SHEA-1019,10,174.83,1748.3,94.5,803.3
INV-60220,3,MOUN-1062,1,221.27,221.27,135.75,85.52
INV-60221,1,SPRO-1055,50,35.15,1757.5,26.94,410.5
INV-60221,2,GEAR-1067,1,632.08,632.08,498.09000000000003,133.99
INV-60221,3,AC-1057,5,1057.42,5287.1,687.08,1851.7
INV-60222,1,ROLL-1021 ,1,146.77,146.77,81.74,65.03
INV-60223,2,SPRO-1055,1,32.03,32.03,26.94,5.09
INV-60223,3,CONV-1039,2,7916.29,15832.58,7046.72,1739.14
INV-60224,1,TIMI-1058,10,134.28,1342.8,84.45,498.3
INV-60224,2,SHEA-1045,10,71.52,715.2,47.68,238.4
INV-60225,1,CONV-1051 ,5,5524.58,27622.9,4147.58,6885.0
INV-60225,2,MOUN-1008,1,122.04,122.04,71.79,50.25
INV-60225,3,ROLL-1044,3,254.63,763.89,140.68,341.85
INV-60226,1,SHEA-1035,2,197.53,395.06,148.52,98.02
INV-60226,3,AC-1086,1,3793.1,3793.1,2390.86,1402.24
INV-60226,4,MOUN-1083,10,131.75,1317.5,87.77,439.8
INV-60227,1,TIMI-1056,4,27.88,111.52,17.21,42.68
INV-60227,2,TIMI-1032,6,54.1,324.6,32.99,126.66
INV-60227,3,SHEA-1003,1,322.94,322.94,235.72,87.22
INV-60227,4,ROLL-1079,5,169.37,846.85,102.65,333.6
INV-60228,1,MOUN-1034,12,45.02,540.24,23.82,254.4
INV-60228,2,GEAR-1060,1,4932.86,4932.86,3102.4300000000003,1830.43
INV-60228,3,DOD-TXT315,5,1640.2,8201.0,1180.0,2301.0
INV-60229,2,AC-1040,5,663.95,3319.75,609.44,272.55
INV-60229,3,AC-1048,3,2075.36,6226.08,1745.47,989.67
INV-60229,4,AC-1006,1,3039.82,3039.82,2130.52,909.3
INV-60229,5,ROLL-1026,1,194.96,194.96,129.92000000000002,65.04
INV-60230,1,SPRO-1004,6,50.89,305.34,42.84,48.3
INV-60230,2,TIMI-1020 ,6,69.3,415.8,52.03,103.62
INV-60231,1,SHEA-1037,10,162.8,1628.0,99.06,637.4
INV-60231,2,SKF-6205-2RS1,50,4.85,242.5,3.55,65.0
INV-60232,1,CONV-1013,1,4415.38,4415.38,2336.18,2079.2
INV-60232,2,SPRO-1069,5,202.59,1012.95,115.11,437.4
INV-60233,1,TIMI-1056,12,25.09,301.08,17.21,94.56
INV-60234,1,SPRO-1004,10,53.72,537.2,42.84,108.8
INV-60235,1,CONV-1059,1,4986.4,4986.4,3693.63,1292.77
INV-60236,1,AC-1085,1,480.61,480.61,365.76,114.85
INV-60236,2,SKF-6308-2Z,2,12.0,24.0,10.25,3.5
INV-60236,3,SHEA-1019,50,157.35,7867.5,94.5,3142.5
INV-60236,4,ROLL-1053,2,122.44,244.88,86.10000000000001,72.68
INV-60237,1,SPRO-1055,12,35.15,421.8,26.94,98.52
INV-60237,2,DOD-TXT315,5,1476.18,7380.9,1180.0,1480.9
INV-60238,1,TIMI-1056,100,25.09,2509.0,17.21,788.0
INV-60238,2,ROLL-1021,10,139.04,1390.4,81.74,573.0
INV-60238,3,ROLL-1021,6,139.04,834.24,81.74,343.8
INV-60238,4,SPRO-1076,4,15.79,63.16,13.24,10.2
INV-60239,1,SHEA-1035,3,197.53,592.59,148.52,147.03
INV-60239,3,CONV-1089,5,7409.9,37049.5,5864.59,7726.55
INV-60240,1,SHEA-1037,1,154.23,154.23,99.06,55.17
INV-60240,2,SHEA-1003,1,290.65,290.65,235.72,54.93
INV-60241,1,SHEA-1025,1,238.31,238.31,153.95000000000002,84.36
INV-60241,2,ROLL-1053,1,122.44,122.44,86.10000000000001,36.34
INV-60241,3,GEAR-1080,5,2297.75,11488.75,1484.33,4067.1
INV-60242,1,AC-1048,5,2404.38,12021.9,1745.47,3294.55
INV-60243,1,SPRO-1078,200,123.96,24792.0,69.25,10942.0
INV-60243,2,MOUN-1018,2,193.16,386.32,109.13,168.06
INV-60244,1,TIMI-1020,6,63.14,378.84,52.03,66.66
INV-60244,2,SPRO-1078,25,101.65,2541.25,69.25,810.0
INV-60244,3,CONV-1051,2,5033.5,10067.0,4147.58,1771.84
INV-60245,1,GEAR-1084,2,5909.76,11819.52,3456.0,4907.52
INV-60245,2,GEAR-1084,1,5909.76,5909.76,3456.0,2453.76
INV-60246,1,SHEA-1045,25,58.65,1466.25,47.68,274.25
INV-60246,2,CONV-1059,5,4543.16,22715.8,3693.63,4247.65
INV-60246,3,GEAR-1016,1,2767.7,2767.7,2265.26,502.44
INV-60246,4,SPRO-1087,12,53.33,639.96,44.550000000000004,105.36
INV-60246,5,AC-1086,5,3274.05,16370.25,2390.86,4415.95
INV-60247,1,CONV-1065,2,4551.33,9102.66,2903.56,3295.54
INV-60248,1,MOUN-1031,50,48.6,2430.0,38.78,491.0
INV-60248,2,SPRO-1087,100,53.33,5333.0,44.550000000000004,878.0
INV-60249 ,1,CONV-1039,3,9171.31,27513.93,7046.72,6373.77
INV-60249,2,TIMI-1030,6,105.56,633.36,66.14,236.52
INV-60250,1,AC-1033,1,1443.12,1443.12,1093.27,349.85
INV-60250,2,CONV-1052,2,4045.3,8090.6,2311.6,3467.4
INV-60250,3,SPRO-1061,4,121.32,485.28,87.28,136.16
INV-60250,4,ROLL-1079,3,169.37,508.11,102.65,200.16
INV-60250,5,BRI-HHCS-0500-13-200-G8,200,63.1,12620.0,44.75,3670.0
INV-60251,1,MOUN-1018,3,183.5,550.5,109.13,223.11
INV-60251,2,MOUN-1031,12,55.63,667.56,38.78,202.2
INV-60251,3,AC-1074,2,2622.77,5245.54,1663.14,1919.26
INV-60251,4,CONV-1023,2,6175.79,12351.58,3652.15,5047.28
INV-60252,1,TIMI-1000,12,56.02,672.24,43.53,149.88
INV-60252,2,SPRO-1061,200,109.19,21838.0,87.28,4382.0
INV-60252,3,AC-1048,5,2072.83,10364.15,1745.47,1636.8
INV-60252,4,AC-1085,1,480.61,480.61,365.76,114.85
INV-60252,5,GEAR-1073,2,2397.63,4795.26,1938.75,917.76
INV-60253,1,SKF-6205-2RS1,1,4.19,4.19,3.55,0.64
INV-60253,2,SPRO-1027,1,83.76,83.76,77.98,5.78
INV-60253,3,SHEA-1045,2,58.65,117.3,47.68,21.94
INV-60254,1,TIM-LM11949-LM11910,6,8.96,53.76,7.6,8.16
INV-60254,2,SPRO-1087,10,58.54,585.4,44.550000000000004,139.9
INV-60254,3,SHEA-1068,5,274.97,1374.85,180.78,470.95
INV-60254,4,AC-1085,5,480.61,2403.05,365.76,574.25
INV-60255,2,CONV-1022,5,2929.51,14647.55,2154.05,3877.3
INV-60256,1,SPRO-1041,1,57.91,57.91,35.35,22.56
INV-60256,2,SPRO-1009,10,38.43,384.3,24.54,138.9
INV-60256,3,SHEA-1082,2,285.52,571.04,186.61,197.82
INV-60257 ,1,TIM-LM11949-LM11910,100,9.46,946.0,7.6,186.0
INV-60257,2,SHEA-1019,10,166.09,1660.9,94.5,715.9
INV-60257,4,DOD-TXT315,1,1558.19,1558.19,1180.0,378.19
INV-60257,5,SPRO-1061,25,115.25,2881.25,87.28,699.25
INV-60258,1,CONV-1042,1,6261.67,6261.67,5159.58,1102.09
INV-60259,2,GEAR-1060,3,4686.22,14058.66,3102.4300000000003,4751.37
INV-60259,4,SHEA-1019,100,166.09,16609.0,94.5,7159.0
INV-60260,1,CONV-1022,5,2783.03,13915.15,2154.05,3144.9
INV-60260,2,SPRO-1055,200,37.11,7422.0,26.94,2034.0
INV-60260,3,DOD-TXT315,1,1558.19,1558.19,1180.0,378.19
INV-60261,1,SPRO-1078,12,111.56,1338.72,69.25,507.72
INV-60261,2,MOUN-1083,200,124.81,24962.0,87.77,7408.0
INV-60261,3,MOUN-1031,2,45.85,91.7,38.78,14.14
INV-60261,4,SKF-6308-2Z,25,12.0,300.0,10.25,43.75
INV-60262,1,ROLL-1053,200,129.24,25848.0,86.10000000000001,8628.0
INV-60262,2,MOUN-1083,200,131.75,26350.0,87.77,8796.0
INV-60263,1,SHEA-1068,5,290.24,1451.2,180.78,547.3
INV-60263,2,MOUN-1008,1,115.94,115.94,71.79,44.15
INV-60263,3,AC-1040,3,845.29,2535.87,609.44,707.55
INV-60263,4,SPRO-1047,25,22.37,559.25,13.77,215.0
INV-60263,5,TIM-LM11949-LM11910,6,9.46,56.76,7.6,11.16
INV-60264,1,TIMI-1075,4,101.61,406.44,72.76,115.4
INV-60264,2,TIMI-1032,6,51.39,308.34,32.99,110.4
INV-60264,3,ROLL-1044,1,212.87,212.87,140.68,72.19
INV-60264,4,ROLL-1044,3,212.87,638.61,140.68,216.57
INV-60265,1,SPRO-1004,2,50.89,101.78,42.84,16.1
INV-60265,2,SHEA-1072,2,133.97,267.94,101.96000000000001,64.02
INV-60265,3,SHEA-1019,200,141.62,28324.0,94.5,9424.0
INV-60265,4,CONV-1051,2,5524.58,11049.16,4147.58,2754.0
INV-60266,1,ROLL-1021,10,146.77,1467.7,81.74,650.3
INV-60266,3,SHEA-1038,5,482.49,2412.45,295.28000000000003,936.05
INV-60267,1,DOD-TXT315,3,1640.2,4920.6,1180.0,1380.6
INV-60268,1,AC-1006,2,3707.1,7414.2,2130.52,3153.16
INV-60268,2,MOUN-1034,2,45.02,90.04,23.82,42.4
INV-60268,3,CONV-1013,5,4415.38,22076.9,2336.18,10396.0
INV-60268,4,AC-1085,2,534.01,1068.02,365.76,336.5
INV-60269,1,CONV-1089,1,7409.9,7409.9,5864.59,1545.31
INV-60269,2,SPRO-1069,1,192.46,192.46,115.11,77.35
INV-60270,2,BRI-HHCS-0500-13-200-G8,25,63.1,1577.5,44.75,458.75
INV-60270,3,CONV-1039,3,9654.01,28962.03,7046.72,7821.87
INV-60270,4,CONV-1059,1,5540.44,5540.44,3693.63,1846.81
INV-60271,1,SPRO-1061,25,109.19,2729.75,87.28,547.75
INV-60271,2,AC-1057,1,1057.42,1057.42,687.08,370.34
INV-60271,3,CONV-1051,5,5524.58,27622.9,4147.58,6885.0
INV-60271,4,TIMI-1075,12,96.26,1155.12,72.76,282.0
INV-60271,5,SHEA-1035 ,5,187.14,935.7,148.52,193.1
INV-60272,1,SPRO-1041,25,57.91,1447.75,35.35,564.0
INV-60272,2,GEAR-1067,5,632.08,3160.4,498.09000000000003,669.95
INV-60273,1,AC-1063,3,2135.12,6405.36,1677.24,1373.64
INV-60273,2,SPRO-1041,1,61.12,61.12,35.35,25.77
INV-60273,3,GEAR-1084,1,5614.27,5614.27,3456.0,2158.27
INV-60274,1,CONV-1039,5,9654.01,48270.05,7046.72,13036.45
INV-60274,2,SKF-6205-2RS1,10,5.11,51.1,3.55,15.6
INV-60274,3,CONV-1059,1,5263.42,5263.42,3693.63,1569.79
INV-60274,4,AC-1048,5,2530.93,12654.65,1745.47,3927.3
INV-60274,5,CONV-1052,1,4045.3,4045.3,2311.6,1733.7
INV-60275,1,SPRO-1041,6,57.91,347.46,35.35,135.36
INV-60276,1,MOUN-1083,25,131.75,3293.75,87.77,1099.5
INV-60277,1,SPRO-1002,6,85.33,511.98,65.84,116.94
INV-60277,2,MOUN-1008,12,109.84,1318.08,71.79,456.6
INV-60277,3,SPRO-1061,1,109.19,109.19,87.28,21.91
INV-60277,4,AC-1074,1,2484.73,2484.73,1663.14,821.59
INV-60278,1,SPRO-1050,10,17.99,179.9,12.85,51.4
INV-60278,2,SHEA-1068,1,305.52,305.52,180.78,124.74
INV-60279,1,BRI-HHCS-0500-13-200-G8,200,54.9,10980.0,44.75,2030.0
INV-60279,2,ROLL-1021,1,154.49,154.49,81.74,72.75
INV-60279,3,CONV-1039,1,9654.01,9654.01,7046.72,2607.29
INV-60279,4,ROLL-1026,5,213.97,1069.85,129.92000000000002,420.25
INV-60280,1,CONV-1059,2,4637.35,9274.7,3693.63,1887.44
INV-60280,2,CONV-1089,1,7019.91,7019.91,5864.59,1155.32
INV-60280,3,SPRO-1087,200,58.54,11708.0,44.550000000000004,2798.0
INV-60280,4,SPRO-1027 ,1,91.94,91.94,77.98,13.96
INV-60280,5,GEAR-1084,3,4999.65,14998.95,3456.0,4630.95
INV-60281,1,SPRO-1041,10,64.34,643.4,35.35,289.9
INV-60281,2,AC-1054,2,2688.01,5376.02,1828.58,1718.86
INV-60281,3,SPRO-1069,3,202.59,607.77,115.11,262.44
INV-60281,4,AC-1085,5,534.01,2670.05,365.76,841.25
INV-60281,5,SHEA-1045,50,61.51,3075.5,47.68,691.5
INV-60282,1,TIMI-1000,100,56.02,5602.0,43.53,1249.0
INV-60282,2,AC-1006,3,3336.39,10009.17,2130.52,3617.61
INV-60283,1,GEAR-1084,1,4846.0,4846.0,3456.0,1390.0
INV-60284,1,SPRO-1004,10,45.8,458.0,42.84,29.6
INV-60284,2,CONV-1042,5,6872.56,34362.8,5159.58,8564.9
INV-60285,1,MOUN-1008,12,115.94,1391.28,71.79,529.8
INV-60285,2,TIMI-1017,200,71.27,14254.0,50.69,4116.0
INV-60286,2,SPRO-1011,1,183.62,183.62,118.48,65.14
INV-60286,3,SPRO-1041,100,52.76,5276.0,35.35,1741.0
INV-60287,1,SHEA-1077,25,114.3,2857.5,67.98,1158.0
INV-60287,2,GEAR-1010,5,4602.2,23011.0,2784.15,9090.25
INV-60287,3,CONV-1046,2,9794.27,19588.54,7311.89,4964.76
INV-60287,4,AC-1040,3,819.93,2459.79,609.44,631.47
INV-60287,5,SHEA-1025,3,251.55,754.65,153.95000000000002,292.8
INV-60288,1,TIMI-1056,50,22.86,1143.0,17.21,282.5
INV-60289,1,ROLL-1026,3,213.97,641.91,129.92000000000002,252.15
INV-60289,2,TIMI-1075,10,96.26,962.6,72.76,235.0
INV-60289,3,SPRO-1076,12,17.16,205.92,13.24,47.04
INV-60289,4,SPRO-1047,2,21.2,42.4,13.77,14.86
INV-60289,5,SHEA-1064,2,205.2,410.4,139.88,130.64
INV-60290,1,TIMI-1058,6,127.57,765.42,84.45,258.72
INV-60290,2,ROLL-1012,4,59.14,236.56,47.52,46.48
INV-60290,3,SHEA-1028,3,500.18,1500.54,284.6,646.74
INV-60290,4,GEAR-1073,1,2781.13,2781.13,1938.75,842.38
INV-60291,1,CONV-1051,1,5248.35,5248.35,4147.58,1100.77
INV-60291,3,SPRO-1041,1,61.12,61.12,35.35,25.77
INV-60292,1,ROLL-1053,4,122.44,489.76,86.10000000000001,145.36
INV-60292,2,ROLL-1079,2,152.43,304.86,102.65,99.56
INV-60292,3,TIMI-1014,200,75.71,15142.0,49.480000000000004,5246.0
INV-60293,1,AC-1074,2,2622.77,5245.54,1663.14,1919.26
INV-60293,2,TIMI-1017,10,64.14,641.4,50.69,134.5
INV-60293,3,MOUN-1062,3,210.21,630.63,135.75,223.38
INV-60293,4,MOUN-1031,200,55.63,11126.0,38.78,3370.0
INV-60294,2,SPRO-1070,10,36.16,361.6,22.96,132.0
INV-60294,4,TIMI-1056,100,25.09,2509.0,17.21,788.0
INV-60295,1,CONV-1052,3,3574.02,10722.06,2311.6,3787.26
INV-60295,2,TIMI-1071,2,113.06,226.12,74.85000000000001,76.42
INV-60295,3,GEAR-1060,3,4686.22,14058.66,3102.4300000000003,4751.37
INV-60295,4,TIM-LM11949-LM11910,50,9.46,473.0,7.6,93.0
INV-60295,5,TIMI-1017,1,71.27,71.27,50.69,20.58
INV-60296,1,SPRO-1009,4,35.01,140.04,24.54,41.88
INV-60296,2,SPRO-1011,1,183.62,183.62,118.48,65.14
INV-60297,1,SPRO-1087,12,50.93,611.16,44.550000000000004,76.56
INV-60297 ,2,CONV-1023,5,5850.75,29253.75,3652.15,10993.0
INV-60298,1,CONV-1089,5,7019.91,35099.55,5864.59,5776.6
INV-60298,2,TIMI-1014,1,75.71,75.71,49.480000000000004,26.23
INV-60298,3,SPRO-1076,1,17.16,17.16,13.24,3.92
INV-60298,4,SKF-6205-2RS1,50,4.6,230.0,3.55,52.5
INV-60298,5,MOUN-1062,3,199.14,597.42,135.75,190.17
INV-60299,1,TIMI-1020,100,69.3,6930.0,52.03,1727.0
INV-60299,2,SPRO-1061,100,109.19,10919.0,87.28,2191.0
INV-60299,3,CONV-1039,1,8688.61,8688.61,7046.72,1641.89
INV-60300,1,MOUN-1034,2,42.77,85.54,23.82,37.9
INV-60300,2,SPRO-1015,4,99.19,396.76,74.58,98.44
INV-60300,3,AC-1063,2,2135.12,4270.24,1677.24,915.76
INV-60301,1,BRI-HHCS-0500-13-200-G8,6,56.79,340.74,44.75,72.24
INV-60301,2,CONV-1052,5,3640.77,18203.85,2311.6,6645.85
INV-60301,3,TIMI-1075,25,96.26,2406.5,72.76,587.5
INV-60302,1,DOD-TXT315,1,1558.19,1558.19,1180.0,378.19
INV-60302,2,SHEA-1082,1,301.38,301.38,186.61,114.77
INV-60302,3,MOUN-1018,1,183.5,183.5,109.13,74.37
INV-60302,4,SPRO-1027,1,97.04,97.04,77.98,19.06
INV-60303,1,SHEA-1082,1,285.52,285.52,186.61,98.91
INV-60303,2,SPRO-1011,2,201.54,403.08,118.48,166.12
INV-60303,3,SPRO-1002,1,85.33,85.33,65.84,19.49
INV-60303,4,SPRO-1011,5,201.54,1007.7,118.48,415.3
INV-60303,5,SHEA-1007,1,190.62,190.62,129.94,60.68
INV-60304,1,SHEA-1064,5,228.0,1140.0,139.88,440.6
INV-60304,2,AC-1048,3,2530.93,7592.79,1745.47,2356.38
INV-60305,1,TIMI-1071,50,107.11,5355.5,74.85000000000001,1613.0
INV-60305,2,SPRO-1004,10,50.89,508.9,42.84,80.5
INV-60306,1,SPRO-1078,100,101.65,10165.0,69.25,3240.0
INV-60306,2,SPRO-1041,200,52.76,10552.0,35.35,3482.0
INV-60306 ,3,TIMI-1014,1,60.7,60.7,49.480000000000004,11.22
INV-60306,4,SHEA-1035,3,170.5,511.5,148.52,65.94
INV-60307,1,CONV-1023,3,6500.83,19502.49,3652.15,8546.04
INV-60308,2,AC-1057,5,1174.91,5874.55,687.08,2439.15
INV-60308,3,SHEA-1003,5,322.94,1614.7,235.72,436.1
INV-60308,4,SPRO-1009,25,42.7,1067.5,24.54,454.0
INV-60309,1,TIMI-1020,50,66.53,3326.5,52.03,725.0
INV-60310,1,GEAR-1084,3,5318.78,15956.34,3456.0,5588.34
INV-60310,2,SHEA-1049,5,249.88,1249.4,153.4,482.4
INV-60310,3,TIMI-1075,100,96.26,9626.0,72.76,2350.0
INV-60310,4,AC-1048,1,2277.84,2277.84,1745.47,532.37
INV-60310,5,SPRO-1078,12,111.56,1338.72,69.25,507.72
INV-60311,1,MOUN-1018,1,183.5,183.5,109.13,74.37
INV-60312,1,SHEA-1037,200,171.37,34274.0,99.06,14462.0
INV-60312,2,GEAR-1016,5,3375.24,16876.2,2265.26,5549.9
INV-60313,1,ROLL-1053,6,129.24,775.44,86.10000000000001,258.84
INV-60313,2,SPRO-1078,4,117.76,471.04,69.25,194.04
INV-60314,4,AC-1063,1,2135.12,2135.12,1677.24,457.88
INV-60315,1,CONV-1039 ,1,8688.61,8688.61,7046.72,1641.89
INV-60316 ,1,TIMI-1075,10,101.61,1016.1,72.76,288.5
INV-60317,1,ROLL-1026,1,237.75,237.75,129.92000000000002,107.83
INV-60317,2,MOUN-1031,50,58.56,2928.0,38.78,989.0
INV-60317,3,SPRO-1027,4,102.15,408.6,77.98,96.68
INV-60317,4,SHEA-1077,4,120.32,481.28,67.98,209.36
INV-60317,5,SPRO-1061,1,121.32,121.32,87.28,34.04
INV-60318,1,SPRO-1070,1,38.17,38.17,22.96,15.21
INV-60318,2,SPRO-1078,12,123.96,1487.52,69.25,656.52
INV-60318,3,CONV-1013,2,4415.38,8830.76,2336.18,4158.4
INV-60319,1,SPRO-1087,100,65.04,6504.0,44.550000000000004,2049.0
INV-60320,1,SKF-6308-2Z,12,10.93,131.16,10.25,8.16
INV-60321,1,ROLL-1044,5,229.17,1145.85,140.68,442.45
INV-60321,2,GAT-B62,4,17.6,70.4,12.7,19.6
INV-60322,1,SHEA-1064,1,216.6,216.6,139.88,76.72
INV-60322,2,SHEA-1038,1,482.49,482.49,295.28000000000003,187.21
INV-60323,2,SPRO-1015,10,93.97,939.7,74.58,193.9
INV-60323,3,CONV-1039,1,8688.61,8688.61,7046.72,1641.89
INV-60324,1,SPRO-1061,50,115.25,5762.5,87.28,1398.5
INV-60324,2,AC-1085,5,507.31,2536.55,365.76,707.75
INV-60324,4,AC-1054,5,2553.61,12768.05,1828.58,3625.15
INV-60324,5,SHEA-1007,2,201.21,402.42,129.94,142.54
INV-60325,1,SPRO-1047,1,21.2,21.2,13.77,7.43
INV-60325,2,ROLL-1021,10,139.04,1390.4,81.74,573.0
INV-60325,3,TIMI-1030,6,100.01,600.06,66.14,203.22
INV-60325,4,SPRO-1055,6,35.15,210.9,26.94,49.26
INV-60326,1,GEAR-1016,1,3375.24,3375.24,2265.26,1109.98
INV-60326,2,CONV-1023,3,6500.83,19502.49,3652.15,8546.04
INV-60326,3,CONV-1022,1,2929.51,2929.51,2154.05,775.46
INV-60326,4,TIMI-1056,2,27.88,55.76,17.21,21.34
INV-60326,5,SPRO-1009,4,42.7,170.8,24.54,72.64
INV-60327 ,1,CONV-1065,1,4551.33,4551.33,2903.56,1647.77
INV-60327,2,CONV-1023,5,5558.21,27791.05,3652.15,9530.3
INV-60327,3,SPRO-1061,25,115.25,2881.25,87.28,699.25
INV-60327,4,SHEA-1072 ,2,128.69,257.38,101.96000000000001,53.46
INV-60328,1,CONV-1043 ,1,2622.13,2622.13,1971.53,650.6
INV-60329,1,TIMI-1071,10,107.11,1071.1,74.85000000000001,322.6
INV-60329,3,SPRO-1011,2,201.54,403.08,118.48,166.12
INV-60330,1,CONV-1043,5,2484.13,12420.65,1971.53,2563.0
INV-60330,2,AC-1063,3,2022.75,6068.25,1677.24,1036.53
INV-60330,3,MOUN-1031,50,52.7,2635.0,38.78,696.0
INV-60330,4,MOUN-1062,1,199.14,199.14,135.75,63.39
INV-60330,5,TIMI-1075,25,96.26,2406.5,72.76,587.5
INV-60331,1,SPRO-1061,50,121.32,6066.0,87.28,1702.0
INV-60331,2,AC-1057,3,1174.91,3524.73,687.08,1463.49
INV-60332,1,SPRO-1011,1,201.54,201.54,118.48,83.06
INV-60332,2,SPRO-1078,25,111.56,2789.0,69.25,1057.75
INV-60332,3,SHEA-1019,50,157.35,7867.5,94.5,3142.5
INV-60332,4,ROLL-1079,3,152.43,457.29,102.65,149.34
INV-60332,5,TIMI-1017,2,67.52,135.04,50.69,33.66
INV-60333,1,SPRO-1070,4,38.17,152.68,22.96,60.84
INV-60333,2,SPRO-1027 ,200,97.04,19408.0,77.98,3812.0
INV-60333,3,CONV-1042,1,7254.37,7254.37,5159.58,2094.79
INV-60334,1,SHEA-1003,3,246.27,738.81,235.72,31.65
INV-60334,2,SHEA-1077,10,98.66,986.6,67.98,306.8
INV-60334,3,MOUN-1018,1,139.38,139.38,109.13,30.25
INV-60335,1,MOUN-1062,3,210.21,630.63,135.75,223.38
INV-60335,2,AC-1057,1,1116.16,1116.16,687.08,429.08
INV-60336,1,CONV-1023,1,6500.83,6500.83,3652.15,2848.68
INV-60336,2,SPRO-1055,100,33.59,3359.0,26.94,665.0
INV-60336,3,AC-1074,5,2760.81,13804.05,1663.14,5488.35
INV-60336,4,TIMI-1014,25,84.12,2103.0,49.480000000000004,866.0
INV-60337,2,AC-1074,5,2622.77,13113.85,1663.14,4798.15
INV-60337,3,CONV-1039,1,9171.31,9171.31,7046.72,2124.59
INV-60337,4,SPRO-1061,2,115.25,230.5,87.28,55.94
INV-60338,2,SPRO-1041,50,57.91,2895.5,35.35,1128.0
INV-60338,3,CONV-1043,1,2484.13,2484.13,1971.53,512.6
INV-60338,4,SPRO-1087,1,58.54,58.54,44.550000000000004,13.99
INV-60339,1,GEAR-1066,3,1271.04,3813.12,1270.02,3.06
INV-60339,2,SHEA-1019,12,143.36,1720.32,94.5,586.32
INV-60339,3,TIMI-1014,100,68.98,6898.0,49.480000000000004,1950.0
INV-60340,1,AC-1063,5,2247.5,11237.5,1677.24,2851.3
INV-60340,2,SPRO-1078,6,123.96,743.76,69.25,328.26
INV-60341,1,SPRO-1047,200,23.55,4710.0,13.77,1956.0
INV-60341,2,CONV-1042,1,7636.18,7636.18,5159.58,2476.6
INV-60342,1,SPRO-1009,6,40.56,243.36,24.54,96.12
INV-60342,2,MOUN-1029,2,136.89,273.78,86.28,101.22
INV-60343,1,ROLL-1053,1,122.44,122.44,86.10000000000001,36.34
INV-60343,2,GAT-B62,50,17.6,880.0,12.7,245.0
INV-60343,3,SKF-6205-2RS1,6,4.6,27.6,3.55,6.3
INV-60343,4,ROLL-1012,25,56.02,1400.5,47.52,212.5
INV-60344,1,CONV-1051,1,6138.42,6138.42,4147.58,1990.84
INV-60345,1,ROLL-1021,25,126.68,3167.0,81.74,1123.5
INV-60345,2,GEAR-1080,3,2093.5,6280.5,1484.33,1827.51
INV-60346,1,CONV-1013,2,4194.61,8389.22,2336.18,3716.86
INV-60346,2,CONV-1065,5,4551.33,22756.65,2903.56,8238.85
INV-60346,3,SHEA-1082,2,301.38,602.76,186.61,229.54
INV-60346,4,ROLL-1026,5,225.86,1129.3,129.92000000000002,479.7
INV-60347,2,SPRO-1078,1,117.76,117.76,69.25,48.51
INV-60348,1,MOUN-1062,1,199.14,199.14,135.75,63.39
INV-60349 ,1,TIMI-1020,6,69.3,415.8,52.03,103.62
INV-60349,2,SPRO-1027,200,91.94,18388.0,77.98,2792.0
INV-60350 ,1,MOUN-1008,12,115.94,1391.28,71.79,529.8
INV-60350,2,ROLL-1044,5,241.9,1209.5,140.68,506.1
INV-60351,1,SPRO-1047,2,19.29,38.58,13.77,11.04
INV-60351,2,SPRO-1087,100,58.54,5854.0,44.550000000000004,1399.0
INV-60351,3,MOUN-1031,4,52.7,210.8,38.78,55.68
INV-60351,4,SPRO-1047,2,21.2,42.4,13.77,14.86
INV-60352,2,TIMI-1056,50,23.08,1154.0,17.21,293.5
INV-60352,3,GEAR-1010,1,4359.98,4359.98,2784.15,1575.83
INV-60353,2,SPRO-1015,1,99.19,99.19,74.58,24.61
INV-60354,1,TIMI-1032,50,44.36,2218.0,32.99,568.5
INV-60354,2,MOUN-1083,4,113.72,454.88,87.77,103.8
INV-60355,2,AC-1063,3,2022.75,6068.25,1677.24,1036.53
INV-60355,3,GEAR-1080,2,2297.75,4595.5,1484.33,1626.84
INV-60355,4,AC-1085,1,480.61,480.61,365.76,114.85
INV-60355,5,TIMI-1058,25,120.85,3021.25,84.45,910.0
INV-60356,1,AC-1085,3,534.01,1602.03,365.76,504.75
INV-60356,2,AC-1063,1,2247.5,2247.5,1677.24,570.26
INV-60356 ,3,TIMI-1071,200,119.01,23802.0,74.85000000000001,8832.0
INV-60356,4,SPRO-1047,200,23.55,4710.0,13.77,1956.0
INV-60356,5,SHEA-1072,1,148.86,148.86,101.96000000000001,46.9
INV-60357,1,TIMI-1032,25,48.69,1217.25,32.99,392.5
INV-60357,2,CONV-1042,1,6872.56,6872.56,5159.58,1712.98
INV-60357,3,ROLL-1053 ,50,122.44,6122.0,86.10000000000001,1817.0
INV-60357,4,SHEA-1049,5,249.88,1249.4,153.4,482.4
INV-60358,1,CONV-1043,2,2484.13,4968.26,1971.53,1025.2
INV-60359,1,ROLL-1044,3,229.17,687.51,140.68,265.47
INV-60359,2,TIMI-1030 ,100,100.01,10001.0,66.14,3387.0
INV-60360,1,CONV-1052,1,3843.03,3843.03,2311.6,1531.43
INV-60360,2,MOUN-1081,50,79.13,3956.5,61.24,894.5
INV-60361,1,SPRO-1055,100,35.15,3515.0,26.94,821.0
INV-60361,2,CONV-1039,2,8688.61,17377.22,7046.72,3283.78
INV-60361,3,GEAR-1067,3,632.08,1896.24,498.09000000000003,401.97
INV-60361,4,CONV-1022 ,1,2636.56,2636.56,2154.05,482.51
INV-60362,2,TIMI-1071,10,119.01,1190.1,74.85000000000001,441.6
INV-60362 ,3,TIMI-1020,2,57.75,115.5,52.03,11.44
INV-60362,4,CONV-1023,1,6500.83,6500.83,3652.15,2848.68
INV-60363,1,ROLL-1044,2,208.8,417.6,140.68,136.24
INV-60364,1,ROLL-1079,1,160.9,160.9,102.65,58.25
INV-60364,2,GEAR-1066,3,1677.06,5031.18,1270.02,1221.12
INV-60364,3,TIMI-1030,50,105.56,5278.0,66.14,1971.0
INV-60364,4,SHEA-1064,1,216.6,216.6,139.88,76.72
INV-60365,2,GAT-B62,6,15.4,92.4,12.7,16.2
INV-60365,3,TIMI-1000,6,51.05,306.3,43.53,45.12
INV-60365,4,TIMI-1075,50,87.71,4385.5,72.76,747.5
INV-60365,5,SHEA-1088,3,247.45,742.35,189.79,172.98
INV-60366,1,CONV-1022,1,2636.56,2636.56,2154.05,482.51
INV-60366,2,GAT-B62,50,17.6,880.0,12.7,245.0
INV-60366,3,SHEA-1003,1,290.65,290.65,235.72,54.93
INV-60366,4,MOUN-1034,200,40.52,8104.0,23.82,3340.0
INV-60366,5,MOUN-1081,1,74.96,74.96,61.24,13.72
INV-60367,1,SPRO-1055,100,33.98,3398.0,26.94,704.0
INV-60367,2,SKF-6205-2RS1,4,5.11,20.44,3.55,6.24
INV-60367,3,CONV-1043,1,2760.14,2760.14,1971.53,788.61
INV-60367,4,SPRO-1087,6,65.04,390.24,44.550000000000004,122.94
INV-60368,1,TIM-LM11949-LM11910 ,2,9.46,18.92,7.6,3.72
INV-60368,3,ROLL-1026,1,225.86,225.86,129.92000000000002,95.94
INV-60369,1,CONV-1051,2,6138.42,12276.84,4147.58,3981.68
INV-60370,1,SPRO-1004,50,53.72,2686.0,42.84,544.0
INV-60370,2,AC-1057,2,1116.16,2232.32,687.08,858.16
INV-60370,3,SPRO-1055,2,37.11,74.22,26.94,20.34
INV-60370,4,AC-1033,1,1370.96,1370.96,1093.27,277.69
INV-60371,1,SHEA-1035,1,197.53,197.53,148.52,49.01
INV-60371,2,CONV-1043,1,2622.13,2622.13,1971.53,650.6
INV-60371,4,SKF-6308-2Z,4,12.66,50.64,10.25,9.64
INV-60372,1,CONV-1089,2,7409.9,14819.8,5864.59,3090.62
INV-60372,2,GAT-B62,200,18.58,3716.0,12.7,1176.0
INV-60372,3,SHEA-1007,1,201.21,201.21,129.94,71.27
INV-60372,4,CONV-1043,1,2622.13,2622.13,1971.53,650.6
INV-60373,1,TIM-LM11949-LM11910,100,8.96,896.0,7.6,136.0
INV-60373,2,TIMI-1032,12,48.69,584.28,32.99,188.4
INV-60374,3,SHEA-1049,1,249.88,249.88,153.4,96.48
INV-60375,1,CONV-1052,1,3843.03,3843.03,2311.6,1531.43
INV-60376,1,AC-1074,1,2622.77,2622.77,1663.14,959.63
INV-60376,2,AC-1085,2,507.31,1014.62,365.76,283.1
INV-60377,1,AC-1085,1,480.61,480.61,365.76,114.85
INV-60377,2,MOUN-1034,12,40.52,486.24,23.82,200.4
INV-60377,3,MOUN-1083,1,124.81,124.81,87.77,37.04
INV-60378,1,TIMI-1020,100,77.0,7700.0,52.03,2497.0
INV-60378,2,MOUN-1062,5,221.27,1106.35,135.75,427.6
INV-60378,3,SPRO-1070,25,40.18,1004.5,22.96,430.5
INV-60378,4,SHEA-1082 ,2,317.24,634.48,186.61,261.26
INV-60378,5,CONV-1023,5,6500.83,32504.15,3652.15,14243.4
INV-60379,1,TIMI-1014,50,68.98,3449.0,49.480000000000004,975.0
INV-60379,2,SHEA-1088,2,247.45,494.9,189.79,115.32
INV-60380,1,CONV-1013,5,3973.84,19869.2,2336.18,8188.3
INV-60380,2,SHEA-1003,5,290.65,1453.25,235.72,274.65
INV-60380,3,SPRO-1078,12,111.56,1338.72,69.25,507.72
INV-60380,4,SPRO-1011,5,201.54,1007.7,118.48,415.3
INV-60380,5,CONV-1051,3,5524.58,16573.74,4147.58,4131.0
INV-60381,1,SHEA-1003,1,235.68,235.68,235.72,-0.04
INV-60381,2,AC-1057,3,963.43,2890.29,687.08,829.05
INV-60381,3,SPRO-1004,25,46.37,1159.25,42.84,88.25
INV-60382,1,AC-1086,5,3274.05,16370.25,2390.86,4415.95
INV-60383,1,DOD-TXT315,3,1508.98,4526.94,1180.0,986.94
INV-60383,2,TIMI-1075,25,106.96,2674.0,72.76,855.0
INV-60383,3,TIMI-1000,50,62.25,3112.5,43.53,936.0
INV-60383,4,GAT-B62,4,19.56,78.24,12.7,27.44
INV-60383,5,SPRO-1061,6,121.32,727.92,87.28,204.24
INV-60384,1,SHEA-1038,5,482.49,2412.45,295.28000000000003,936.05
INV-60384,2,MOUN-1018,1,183.5,183.5,109.13,74.37
INV-60384,3,TIMI-1030,50,99.23,4961.5,66.14,1654.5
INV-60385,2,GEAR-1016,1,3206.48,3206.48,2265.26,941.22
INV-60386,1,AC-1040,1,800.8,800.8,609.44,191.36
INV-60386,2,SHEA-1028,1,473.86,473.86,284.6,189.26
INV-60387 ,1,SPRO-1070,12,31.96,383.52,22.96,108.0
INV-60387,2,CONV-1065,3,3928.51,11785.53,2903.56,3074.85
INV-60387,3,ROLL-1026,1,194.96,194.96,129.92000000000002,65.04
INV-60387,4,CONV-1023,3,5330.68,15992.04,3652.15,5035.59
INV-60388,1,GEAR-1016,3,3206.48,9619.44,2265.26,2823.66
INV-60388,2,SHEA-1064,2,216.6,433.2,139.88,153.44
INV-60388,3,GEAR-1066,1,1677.06,1677.06,1270.02,407.04
INV-60388,4,GEAR-1073 ,1,2781.13,2781.13,1938.75,842.38
INV-60388,5,SPRO-1050,100,17.09,1709.0,12.85,424.0
INV-60389,1,CONV-1042,3,7254.37,21763.11,5159.58,6284.37
INV-60390,1,CONV-1052,1,3640.77,3640.77,2311.6,1329.17
INV-60390,2,BRI-HHCS-0500-13-200-G8,25,56.79,1419.75,44.75,301.0
INV-60391,1,GEAR-1060,1,4932.86,4932.86,3102.4300000000003,1830.43
INV-60391,2,SPRO-1004,4,56.55,226.2,42.84,54.84
INV-60391,3,MOUN-1062,2,221.27,442.54,135.75,171.04
INV-60391,4,SPRO-1015,2,104.41,208.82,74.58,59.66
INV-60392,1,MOUN-1008,6,101.29,607.74,71.79,177.0
INV-60393,1,MOUN-1018,1,183.5,183.5,109.13,74.37
INV-60393,2,SHEA-1082,5,301.38,1506.9,186.61,573.85
INV-60393 ,3,ROLL-1012,1,59.14,59.14,47.52,11.62
INV-60393,4,SHEA-1025,5,251.55,1257.75,153.95000000000002,488.0
INV-60393,5,DOD-TXT315,1,1558.19,1558.19,1180.0,378.19
INV-60394,2,SPRO-1015,1,99.19,99.19,74.58,24.61
INV-60395,2,CONV-1051,5,6138.42,30692.1,4147.58,9954.2
INV-60396,1,CONV-1022,2,2402.2,4804.4,2154.05,496.3
INV-60396,2,GEAR-1010,1,3654.63,3654.63,2784.15,870.48
INV-60396,3,SPRO-1047,6,19.31,115.86,13.77,33.24
INV-60396,4,ROLL-1053,50,111.55,5577.5,86.10000000000001,1272.5
INV-60397,1,GEAR-1084,1,5318.78,5318.78,3456.0,1862.78
INV-60397,2,ROLL-1053,50,122.44,6122.0,86.10000000000001,1817.0
INV-60398,2,AC-1040,1,800.8,800.8,609.44,191.36
INV-60398,3,SHEA-1019,4,157.35,629.4,94.5,251.4
INV-60398,4,SHEA-1072,1,133.97,133.97,101.96000000000001,32.01
INV-60398,5,SHEA-1072,5,133.97,669.85,101.96000000000001,160.05
INV-60399,1,TIMI-1056,4,25.09,100.36,17.21,31.52
INV-60399,2,SHEA-1007,1,190.62,190.62,129.94,60.68
INV-60400,1,SPRO-1027 ,25,91.94,2298.5,77.98,349.0
INV-60400,2,CONV-1065,3,4311.78,12935.34,2903.56,4224.66
INV-60401,1,MOUN-1034,25,42.77,1069.25,23.82,473.75
INV-60402,1,MOUN-1018,2,193.16,386.32,109.13,168.06
INV-60402,2,AC-1040,5,889.78,4448.9,609.44,1401.7
INV-60402,3,AC-1063,1,2247.5,2247.5,1677.24,570.26
INV-60402,4,TIMI-1032,6,54.1,324.6,32.99,126.66
INV-60402,5,MOUN-1029,200,144.09,28818.0,86.28,11562.0
INV-60403,1,TIMI-1000,10,52.91,529.1,43.53,93.8
INV-60403,2,SKF-6205-2RS1,200,5.11,1022.0,3.55,312.0
INV-60404,1,SHEA-1077,6,114.3,685.8,67.98,277.92
INV-60404,2,MOUN-1083,100,131.75,13175.0,87.77,4398.0
INV-60404,3,SHEA-1028,5,500.18,2500.9,284.6,1077.9
INV-60405,1,MOUN-1018,5,183.5,917.5,109.13,371.85
INV-60405,2,GEAR-1060,2,4686.22,9372.44,3102.4300000000003,3167.58
INV-60405,4,SHEA-1025,1,251.55,251.55,153.95000000000002,97.6
INV-60405,5,SPRO-1078,2,117.76,235.52,69.25,97.02
INV-60406,1,GEAR-1060,3,4686.22,14058.66,3102.4300000000003,4751.37
INV-60406,2,TIMI-1020,2,73.15,146.3,52.03,42.24
INV-60407,1,GEAR-1060,1,4128.8,4128.8,3102.4300000000003,1026.37
INV-60407,3,SPRO-1002,50,85.33,4266.5,65.84,974.5
INV-60407,4,SHEA-1088,2,271.59,543.18,189.79,163.6
INV-60408,1,ROLL-1053,25,136.04,3401.0,86.10000000000001,1248.5
INV-60408,2,MOUN-1008,10,122.04,1220.4,71.79,502.5
INV-60409,1,CONV-1089,3,7409.9,22229.7,5864.59,4635.93
INV-60410,1,ROLL-1012,50,62.25,3112.5,47.52,736.5
INV-60410,2,ROLL-1044,2,254.63,509.26,140.68,227.9
INV-60410,3,MOUN-1031,12,58.56,702.72,38.78,237.36
INV-60410,4,SHEA-1064,3,228.0,684.0,139.88,264.36
INV-60411,1,SHEA-1028,5,473.86,2369.3,284.6,946.3
INV-60411,2,ROLL-1012,200,56.02,11204.0,47.52,1700.0
INV-60411,3,GEAR-1066,5,1588.8,7944.0,1270.02,1593.9
INV-60411,4,MOUN-1018,1,173.84,173.84,109.13,64.71
INV-60412,1,ROLL-1079,3,160.9,482.7,102.65,174.75
INV-60412,2,SHEA-1019,100,166.09,16609.0,94.5,7159.0
INV-60412,3,SPRO-1011,5,212.73,1063.65,118.48,471.25
INV-60413,1,SKF-6308-2Z,12,13.33,159.96,10.25,36.96
INV-60413,2,SPRO-1050,10,15.29,152.9,12.85,24.4
INV-60413,3,SPRO-1004,10,56.55,565.5,42.84,137.1
INV-60413,4,GEAR-1010,5,4844.42,24222.1,2784.15,10301.35
INV-60414,1,SKF-6205-2RS1,10,4.85,48.5,3.55,13.0
INV-60414,2,GAT-B62,25,18.58,464.5,12.7,147.0
INV-60415,1,AC-1054,3,2553.61,7660.83,1828.58,2175.09
INV-60415,2,AC-1054,2,2553.61,5107.22,1828.58,1450.06
INV-60415,3,SPRO-1055,2,33.4,66.8,26.94,12.92
INV-60415,4,GEAR-1016,2,3206.48,6412.96,2265.26,1882.44
INV-60416,1,MOUN-1034,200,40.52,8104.0,23.82,3340.0
INV-60416,2,SHEA-1038,3,457.09,1371.27,295.28000000000003,485.43
INV-60416,3,SHEA-1072,1,133.97,133.97,101.96000000000001,32.01
INV-60416,4,MOUN-1034,6,40.52,243.12,23.82,100.2
INV-60417,1,GEAR-1060,3,4439.57,13318.71,3102.4300000000003,4011.42
INV-60417,2,AC-1040,1,800.8,800.8,609.44,191.36
INV-60417,3,CONV-1042,2,6872.56,13745.12,5159.58,3425.96
INV-60418,1,AC-1048,1,2404.38,2404.38,1745.47,658.91
INV-60418,2,GEAR-1066,3,1677.06,5031.18,1270.02,1221.12
INV-60418,3,SHEA-1077,50,114.3,5715.0,67.98,2316.0
INV-60418,4,SPRO-1061,1,115.25,115.25,87.28,27.97
INV-60418,5,SHEA-1019,6,166.09,996.54,94.5,429.54
INV-60419,1,AC-1040,1,845.29,845.29,609.44,235.85
INV-60419,2,SPRO-1055,50,37.11,1855.5,26.94,508.5
INV-60419,3,AC-1057,5,1116.16,5580.8,687.08,2145.4
INV-60419 ,4,TIMI-1000,6,59.14,354.84,43.53,93.66
INV-60419,5,TIMI-1075,50,101.61,5080.5,72.76,1442.5
INV-60420,1,GEAR-1084,1,5318.78,5318.78,3456.0,1862.78
INV-60421,1,TIMI-1020,6,73.15,438.9,52.03,126.72
INV-60422,1,TIMI-1014,2,75.71,151.42,49.480000000000004,52.46
INV-60422,2,GAT-B62,1,17.6,17.6,12.7,4.9
INV-60422,3,GEAR-1016,1,3037.72,3037.72,2265.26,772.46
INV-60422,4,GEAR-1060,1,3951.22,3951.22,3102.4300000000003,848.79
INV-60422,5,MOUN-1008,4,109.84,439.36,71.79,152.2
INV-60423,1,SHEA-1049,3,277.65,832.95,153.4,372.75
INV-60424,1,TIM-LM11949-LM11910,50,9.46,473.0,7.6,93.0
INV-60425,1,CONV-1013,1,4194.61,4194.61,2336.18,1858.43
INV-60425,2,SHEA-1025,3,251.55,754.65,153.95000000000002,292.8
INV-60425,3,SHEA-1019,12,166.09,1993.08,94.5,859.08
INV-60425,4,AC-1040,5,845.29,4226.45,609.44,1179.25
INV-60426,1,MOUN-1081,50,79.13,3956.5,61.24,894.5
INV-60426,3,ROLL-1021,25,146.77,3669.25,81.74,1625.75
INV-60426,4,AC-1006,1,3521.74,3521.74,2130.52,1391.22
INV-60427,1,SKF-6205-2RS1,1,4.0,4.0,3.55,0.45
INV-60428,1,GEAR-1080,3,2553.05,7659.15,1484.33,3206.16
INV-60428,2,AC-1048,1,2530.93,2530.93,1745.47,785.46
INV-60428 ,3,SPRO-1041,10,64.34,643.4,35.35,289.9
INV-60428,4,SPRO-1076,10,19.07,190.7,13.24,58.3
INV-60429,2,GAT-B62,200,17.6,3520.0,12.7,980.0
INV-60430,1,MOUN-1034,200,42.77,8554.0,23.82,3790.0
INV-60430,2,SPRO-1087,200,61.79,12358.0,44.550000000000004,3448.0
INV-60430,3,SHEA-1025,1,251.55,251.55,153.95000000000002,97.6
INV-60430,4,SHEA-1072,3,141.42,424.26,101.96000000000001,118.38
INV-60430,5,GAT-B62,25,18.58,464.5,12.7,147.0
INV-60431,1,GEAR-1073,1,2927.51,2927.51,1938.75,988.76
INV-60431,3,GEAR-1073,2,2927.51,5855.02,1938.75,1977.52
INV-60432,1,BRI-HHCS-0500-13-200-G8,6,56.79,340.74,44.75,72.24
INV-60432,2,ROLL-1021,100,139.04,13904.0,81.74,5730.0
INV-60432,3,SPRO-1041,10,57.91,579.1,35.35,225.6
INV-60432,4,CONV-1022,1,2636.56,2636.56,2154.05,482.51
INV-60432,5,SPRO-1055,25,35.15,878.75,26.94,205.25
INV-60433,1,AC-1054,1,2553.61,2553.61,1828.58,725.03
INV-60433,2,MOUN-1018,5,183.5,917.5,109.13,371.85
INV-60433,3,SHEA-1045,100,67.94,6794.0,47.68,2026.0
INV-60433,4,ROLL-1012,1,59.14,59.14,47.52,11.62
INV-60434,1,CONV-1065,1,4168.06,4168.06,2903.56,1264.5
INV-60434,2,CONV-1046,1,10309.76,10309.76,7311.89,2997.87
INV-60434,3,SPRO-1004,2,56.55,113.1,42.84,27.42
INV-60434,4,AC-1054,1,2688.01,2688.01,1828.58,859.43
INV-60435,1,SPRO-1050,100,17.09,1709.0,12.85,424.0
INV-60435,2,SHEA-1049,2,263.77,527.54,153.4,220.74
INV-60435 ,3,SHEA-1038,2,482.49,964.98,295.28000000000003,374.42
INV-60436,1,MOUN-1031,12,55.63,667.56,38.78,202.2
INV-60436,2,SPRO-1061,50,115.25,5762.5,87.28,1398.5
INV-60436,3,SHEA-1028,5,500.18,2500.9,284.6,1077.9
INV-60436,4,ROLL-1026,1,225.86,225.86,129.92000000000002,95.94
INV-60437,1,CONV-1065,1,4551.33,4551.33,2903.56,1647.77
INV-60437,2,SHEA-1037,2,162.8,325.6,99.06,127.48
INV-60437,3,CONV-1022,5,2783.03,13915.15,2154.05,3144.9
INV-60438,1,SKF-6308-2Z,6,13.33,79.98,10.25,18.48
INV-60438,3,CONV-1051,1,6138.42,6138.42,4147.58,1990.84
INV-60438,4,SPRO-1004,12,56.55,678.6,42.84,164.52
INV-60438,5,TIMI-1030,4,111.12,444.48,66.14,179.92
INV-60439,1,SKF-6308-2Z,10,12.66,126.6,10.25,24.1
INV-60439,2,CONV-1039,5,9171.31,45856.55,7046.72,10622.95
INV-60439,3,GEAR-1084,1,5614.27,5614.27,3456.0,2158.27
INV-60440,1,GEAR-1060,1,4439.57,4439.57,3102.4300000000003,1337.14
INV-60440,2,SPRO-1004,6,50.89,305.34,42.84,48.3
INV-60440,3,SPRO-1050,10,16.19,161.9,12.85,33.4
INV-60440,4,TIMI-1071,50,107.11,5355.5,74.85000000000001,1613.0
INV-60440,5,TIMI-1075,200,96.26,19252.0,72.76,4700.0
INV-60441,1,SHEA-1088,3,247.45,742.35,189.79,172.98
INV-60441,2,ROLL-1079,2,138.88,277.76,102.65,72.46
INV-60442,1,SPRO-1004,2,53.72,107.44,42.84,21.76
INV-60442,2,GEAR-1066,5,1677.06,8385.3,1270.02,2035.2
INV-60443,1,TIMI-1000,50,56.02,2801.0,43.53,624.5
INV-60443,3,TIMI-1058,10,108.77,1087.7,84.45,243.2
INV-60443,4,SHEA-1068,1,274.97,274.97,180.78,94.19
INV-60444,1,CONV-1039,5,9654.01,48270.05,7046.72,13036.45
INV-60444,2,MOUN-1018,1,193.16,193.16,109.13,84.03
INV-60444,3,CONV-1089,2,7799.9,15599.8,5864.59,3870.62
INV-60444,4,SPRO-1087,50,65.04,3252.0,44.550000000000004,1024.5
INV-60445,1,SPRO-1050,10,16.19,161.9,12.85,33.4
INV-60445,2,SPRO-1047,100,21.2,2120.0,13.77,743.0
INV-60445,3,AC-1085,1,480.61,480.61,365.76,114.85
INV-60445,4,SHEA-1007,3,190.62,571.86,129.94,182.04
INV-60446,1,SPRO-1041,2,61.12,122.24,35.35,51.54
INV-60446,2,GEAR-1010,1,4602.2,4602.2,2784.15,1818.05
INV-60446,3,MOUN-1029,6,136.89,821.34,86.28,303.66
INV-60446,4,DOD-TXT315,3,1558.19,4674.57,1180.0,1134.57
INV-60447,1,AC-1063,5,1842.95,9214.75,1677.24,828.55
INV-60448,1,MOUN-1081,6,68.3,409.8,61.24,42.36
INV-60448,2,AC-1063,1,1842.95,1842.95,1677.24,165.71
INV-60448,3,SHEA-1037,1,140.52,140.52,99.06,41.46
INV-60448,4,MOUN-1081,2,68.3,136.6,61.24,14.12
INV-60449,1,GEAR-1010,1,4602.2,4602.2,2784.15,1818.05
INV-60450,1,MOUN-1034,1,42.77,42.77,23.82,18.95
INV-60450,2,CONV-1065,3,4551.33,13653.99,2903.56,4943.31
INV-60450,3,AC-1074,5,2622.77,13113.85,1663.14,4798.15
INV-60451,1,TIMI-1071,100,113.06,11306.0,74.85000000000001,3821.0
INV-60451,2,MOUN-1029,100,136.89,13689.0,86.28,5061.0
INV-60451,3,SHEA-1068,2,290.24,580.48,180.78,218.92
INV-60452,1,GEAR-1067,5,575.89,2879.45,498.09000000000003,389.0
INV-60452,2,BRI-HHCS-0500-13-200-G8,12,51.74,620.88,44.75,83.88
INV-60452,3,SPRO-1069,2,166.12,332.24,115.11,102.02
INV-60453,1,SHEA-1028,1,500.18,500.18,284.6,215.58
INV-60453,2,SHEA-1064,1,203.6,203.6,139.88,63.72
INV-60454,1,GEAR-1010,5,4359.98,21799.9,2784.15,7879.15
INV-60455,1,SHEA-1077,25,108.29,2707.25,67.98,1007.75
INV-60456,1,AC-1085,1,437.89,437.89,365.76,72.13
INV-60457,1,SPRO-1047,50,23.55,1177.5,13.77,489.0
INV-60457,2,SPRO-1078,4,123.96,495.84,69.25,218.84
INV-60457,3,CONV-1052,1,4045.3,4045.3,2311.6,1733.7
INV-60457,5,SPRO-1009,2,42.7,85.4,24.54,36.32
INV-60458,1,SHEA-1068,1,290.24,290.24,180.78,109.46
INV-60458,2,MOUN-1008,200,115.94,23188.0,71.79,8830.0
INV-60459,1,MOUN-1031,6,55.63,333.78,38.78,101.1
INV-60459,2,ROLL-1079,3,160.9,482.7,102.65,174.75
INV-60459,3,MOUN-1034,10,42.77,427.7,23.82,189.5
INV-60459,4,SPRO-1078,100,111.87,11187.0,69.25,4262.0
INV-60460,1,MOUN-1029,100,132.56,13256.0,86.28,4628.0
INV-60460,2,SPRO-1027 ,100,102.15,10215.0,77.98,2417.0
INV-60460,3,AC-1040,1,889.78,889.78,609.44,280.34
INV-60460,4,AC-1006,1,3707.1,3707.1,2130.52,1576.58
INV-60460,5,ROLL-1079,1,169.37,169.37,102.65,66.72
INV-60461,2,BRI-HHCS-0500-13-200-G8,6,59.95,359.7,44.75,91.2
INV-60461,3,GEAR-1073,1,2781.13,2781.13,1938.75,842.38
INV-60462,1,SHEA-1072,5,125.93,629.65,101.96000000000001,119.85
INV-60462,2,SHEA-1035,1,187.14,187.14,148.52,38.62
INV-60462,3,BRI-HHCS-0500-13-200-G8,10,56.79,567.9,44.75,120.4
INV-60462,4,GAT-B62,4,17.6,70.4,12.7,19.6
INV-60462,5,GEAR-1010,5,4359.98,21799.9,2784.15,7879.15
INV-60463,1,CONV-1023,5,5148.66,25743.3,3652.15,7482.55
INV-60464,1,TIMI-1075,25,96.26,2406.5,72.76,587.5
INV-60464,3,AC-1048,2,2277.84,4555.68,1745.47,1064.74
INV-60464,4,CONV-1065,1,4311.78,4311.78,2903.56,1408.22
INV-60465,1,GEAR-1084,3,5318.78,15956.34,3456.0,5588.34
INV-60466,1,AC-1057,3,1116.16,3348.48,687.08,1287.24
INV-60466,2,GEAR-1084,1,5614.27,5614.27,3456.0,2158.27
INV-60466,3,SHEA-1037,50,162.8,8140.0,99.06,3187.0
INV-60466,4,MOUN-1034,12,42.77,513.24,23.82,227.4
INV-60466,5,GEAR-1016,3,3206.48,9619.44,2265.26,2823.66
INV-60467,1,CONV-1065,3,4551.33,13653.99,2903.56,4943.31
INV-60467,2,SPRO-1078,2,117.76,235.52,69.25,97.02
INV-60467,3,SHEA-1025,3,251.55,754.65,153.95000000000002,292.8
INV-60467,4,SPRO-1041,6,61.12,366.72,35.35,154.62
INV-60468,1,TIMI-1000,200,43.9,8780.0,43.53,74.0
INV-60468,2,CONV-1089,1,6395.92,6395.92,5864.59,531.33
INV-60469,1,TIMI-1020,25,73.15,1828.75,52.03,528.0
INV-60469,2,ROLL-1079,5,160.9,804.5,102.65,291.25
INV-60469,3,SHEA-1045,1,67.94,67.94,47.68,20.26
INV-60470,1,SHEA-1049,1,249.88,249.88,153.4,96.48
INV-60471,1,SPRO-1069,1,202.59,202.59,115.11,87.48
INV-60471,2,TIMI-1020,50,77.0,3850.0,52.03,1248.5
INV-60471,3,TIMI-1058,1,134.28,134.28,84.45,49.83
INV-60472,1,TIMI-1020,2,73.15,146.3,52.03,42.24
INV-60472,3,TIMI-1000,25,59.14,1478.5,43.53,390.25
INV-60473,1,GEAR-1016,5,3375.24,16876.2,2265.26,5549.9
INV-60473,2,CONV-1022,5,2929.51,14647.55,2154.05,3877.3
INV-60473,3,GEAR-1060,1,4932.86,4932.86,3102.4300000000003,1830.43
INV-60473,5,AC-1006,1,3707.1,3707.1,2130.52,1576.58
INV-60474,1,SHEA-1025,1,251.55,251.55,153.95000000000002,97.6
INV-60474,2,SHEA-1019,12,166.09,1993.08,94.5,859.08
INV-60475,1,TIMI-1056,25,25.09,627.25,17.21,197.0
INV-60475,2,AC-1057,3,1057.42,3172.26,687.08,1111.02
INV-60476,1,GEAR-1073 ,1,2371.28,2371.28,1938.75,432.53
INV-60476,2,GEAR-1073,2,2371.28,4742.56,1938.75,865.06
INV-60476,3,DOD-TXT315,3,1558.19,4674.57,1180.0,1134.57
INV-60477,3,SHEA-1025,5,238.31,1191.55,153.95000000000002,421.8
INV-60477,4,CONV-1023,2,5850.75,11701.5,3652.15,4397.2
INV-60478,1,CONV-1013,3,4415.38,13246.14,2336.18,6237.6
INV-60478,2,AC-1085,2,534.01,1068.02,365.76,336.5
INV-60478,3,SPRO-1061,12,121.32,1455.84,87.28,408.48
INV-60478,4,SKF-6308-2Z,4,13.33,53.32,10.25,12.32
INV-60478,5,TIMI-1000,50,62.25,3112.5,43.53,936.0
INV-60479,1,MOUN-1029,4,129.68,518.72,86.28,173.6
INV-60479,2,MOUN-1081,6,74.96,449.76,61.24,82.32
INV-60479,3,CONV-1042,1,6872.56,6872.56,5159.58,1712.98
INV-60479,4,GEAR-1084,3,5318.78,15956.34,3456.0,5588.34
INV-60479,5,CONV-1051,5,5524.58,27622.9,4147.58,6885.0
INV-60480,1,SPRO-1004,25,53.72,1343.0,42.84,272.0
INV-60480,2,TIMI-1017,10,71.27,712.7,50.69,205.8
INV-60480,3,CONV-1043,3,2622.13,7866.39,1971.53,1951.8
INV-60480,4,SPRO-1070,100,38.17,3817.0,22.96,1521.0
INV-60481,1,TIMI-1030,6,100.01,600.06,66.14,203.22
INV-60481,2,SPRO-1078,100,111.56,11156.0,69.25,4231.0
INV-60481,3,ROLL-1012,1,56.02,56.02,47.52,8.5
INV-60481,4,AC-1054,1,2419.21,2419.21,1828.58,590.63
INV-60482,1,AC-1063,5,1842.95,9214.75,1677.24,828.55
INV-60483,1,MOUN-1018,3,183.5,550.5,109.13,223.11
INV-60484,1,CONV-1065,5,4790.87,23954.35,2903.56,9436.55
INV-60484,2,TIMI-1056,25,27.88,697.0,17.21,266.75
INV-60484,3,ROLL-1079,2,169.37,338.74,102.65,133.44
INV-60484,4,SHEA-1028,1,416.83,416.83,284.6,132.23
INV-60485,1,SPRO-1055,6,39.06,234.36,26.94,72.72
INV-60485,2,SPRO-1076,100,19.07,1907.0,13.24,583.0
INV-60485,3,CONV-1039,2,9654.01,19308.02,7046.72,5214.58
INV-60486,1,CONV-1039,2,9171.31,18342.62,7046.72,4249.18
INV-60486,2,MOUN-1062,1,210.21,210.21,135.75,74.46
INV-60486,3,CONV-1051,3,5131.72,15395.16,4147.58,2952.42
INV-60487,1,SHEA-1068,3,274.97,824.91,180.78,282.57
INV-60487,2,SPRO-1055,1,35.15,35.15,26.94,8.21
