Date,Description,Debit,Credit,Balance
2025-04-30,PAYCOM PAYROLL,247017.83,,-28522826.82
2025-05-15,ACH EFT MSC INDUSTRIAL SUPPLY,4935.08,,6266066.41
2025-05-18,ACH DEPOSIT 455602,,3786.94,413786.94
2025-05-21,Check DEPOSIT 965199,,10045.98,423832.92
2025-05-26,ACH DEPOSIT 652035,,1482.1,425315.02
2025-05-29,ACH DEPOSIT 934963,,9214.75,434529.77
2025-05-31,PAYCOM PAYROLL,246513.22,,-28769340.04
2025-06-02,Card DEPOSIT 250591,,14253.3,448783.07
2025-06-02,Card DEPOSIT 953409,,10777.01,459560.08
2025-06-03,ACH DEPOSIT 200079,,3334.37,462894.45
2025-06-04,ACH DEPOSIT 658807,,14647.55,477542.0
2025-06-05,Check DEPOSIT 118294,,12012.03,489554.03
2025-06-06,Check 25650 SANDVIK COROMANT,12896.87,,6253169.54
2025-06-06,ACH EFT GRAINGER,6512.55,,6246656.99
2025-06-07,Wire DEPOSIT 989568,,315.73,489869.76
2025-06-07,Check 20354 GARLOCK SEALING TECHNO,29465.87,,6217191.12
2025-06-08,Card 23707 SANDVIK COROMANT,13263.9,,6203927.22
2025-06-09,ACH DEPOSIT 145851,,14401.66,504271.42
2025-06-09,Check EFT HAAS AUTOMATION,254308.96,,5949618.26
2025-06-10,Check 12941 FASTENAL,29281.0,,5920337.26
2025-06-11,Card EFT MCMASTER-CARR,15249.78,,5905087.48
2025-06-14,Wire DEPOSIT 521549,,1925.58,506197.0
2025-06-16,Card DEPOSIT 484296,,27239.42,533436.42
2025-06-17,ACH DEPOSIT 222158,,1908.51,535344.93
2025-06-17,ACH DEPOSIT 355972,,227.16,535572.09
2025-06-18,ACH DEPOSIT 120600,,25991.29,561563.38
2025-06-19,Card DEPOSIT 160584,,9081.25,570644.63
2025-06-19 ,ACH 14954 HAAS AUTOMATION,9874.44,,5895213.04
"Jun 20, 2025",ACH DEPOSIT 834178,,30737.06,601381.69
2025-06-21,ACH DEPOSIT 850696,,16287.18,617668.87
2025-06-21,Check 13011 BALDOR-RELIANCE (ABB),161669.34,,5733543.7
2025-06-22,ACH DEPOSIT 507536,,1965.98,619634.85
2025-06-23,ACH DEPOSIT 799475,,193.55,619828.4
2025-06-23,Check EFT SANDVIK COROMANT,53402.99,,5680140.71
2025-06-23,Check 29923 MOTION INDUSTRIES,40284.9,,5639855.81
2025-06-24,ACH DEPOSIT 434991,,7834.0,627662.4
2025-06-24,Check EFT PARKER HANNIFIN,1314129.15,,4325726.66
"Jun 25, 2025",ACH DEPOSIT 514339,,3832.57,631494.97
2025-06-25,Card 14347 KAMAN INDUSTRIAL TECHN,564236.44,,3761490.22
2025-06-26,Wire DEPOSIT 444855,,213.58,631708.55
06/29/25,Check DEPOSIT 491711,,460.0,632168.55
2025-06-30,PAYCOM PAYROLL,246797.75,,-29016137.79
07/01/2025,Wire DEPOSIT 644844,,19306.22,651474.77
2025-07-01,ACH 13167 APPLIED INDUSTRIAL TEC,4182.74,,3757307.48
07/03/2025,Card DEPOSIT 924634,,11925.77,663400.54
2025-07-04,ACH DEPOSIT 626366,,14881.98,678282.52
2025-07-04,Check 21029 FASTENAL,91429.0,,3665878.48
2025-07-05,Card DEPOSIT 519998,,25281.51,703564.03
2025-07-05,ACH 19720 SANDVIK COROMANT,31985.03,,3633893.45
2025-07-06,Check EFT SANDVIK COROMANT,43976.68,,3589916.77
07/07/25,Wire DEPOSIT 683695,,813.88,704377.91
2025-07-07,Wire DEPOSIT 958640,,19014.65,723392.56
2025-07-07,Card EFT ULINE,5699.54,,3584217.23
2025-07-08,ACH DEPOSIT 342825,,3906.39,727298.95
2025-07-09,Wire DEPOSIT 787863,,35030.82,762329.77
2025-07-09,Check 25325 FASTENAL,208291.2,,3375926.03
"Jul 10, 2025 ",Wire DEPOSIT 273734,,7616.35,769946.12
2025-07-10,ACH 18844 BALDOR-RELIANCE (ABB),315827.33,,3060098.7
2025-07-10,Check EFT ULINE,44198.06,,3015900.64
2025-07-12,ACH EFT GRAINGER,2893.45,,3013007.19
2025-07-12,ACH EFT APPLIED INDUSTRIAL TEC,1995.06,,3011012.13
2025-07-14,Check DEPOSIT 640796 ,,1083.0,771029.12
07/14/2025,Card DEPOSIT 816333,,8288.25,779317.37
2025-07-14,ACH DEPOSIT 146283,,8972.79,788290.16
2025-07-14,ACH DEPOSIT 639272,,9836.8,798126.96
2025-07-14,Wire DEPOSIT 794656,,19.48,798146.44
2025-07-15,Card DEPOSIT 161246,,6231.68,804378.12
2025-07-17,Wire DEPOSIT 218214,,8804.5,813182.62
2025-07-18,Check EFT MSC INDUSTRIAL SUPPLY,4220.88,,3006791.25
2025-07-19,Card DEPOSIT 400398,,8642.4,821825.02
2025-07-19,Check DEPOSIT 948384,,25949.61,847774.63
2025-07-19,ACH 18380 BALDOR-RELIANCE (ABB),155559.09,,2851232.16
2025-07-20,Card DEPOSIT 441336,,631.19,848405.82
2025-07-21,Card DEPOSIT 496066,,6261.67,854667.49
21-Jul-2025,ACH DEPOSIT 139807,,6947.56,861615.05
2025-07-21,ACH EFT PARKER HANNIFIN,672186.25,,2179045.91
22-Jul-2025,Wire DEPOSIT 286796,,2805.37,864420.42
22-Jul-2025,ACH EFT APPLIED INDUSTRIAL TEC,216208.2,,1962837.71
2025-07-23,Card DEPOSIT 253829,,11354.74,875775.16
07/23/25 ,Card DEPOSIT 156025,,4846.0,880621.16
2025-07-23,Wire DEPOSIT 324732,,25100.46,905721.62
07/23/25,ACH DEPOSIT 467897,,4414.46,910136.08
2025-07-24,ACH DEPOSIT 900557,,18565.33,928701.41
2025-07-24,ACH DEPOSIT 195490,,7275.87,935977.28
2025-07-24,Wire DEPOSIT 939400,,2014.21,937991.49
2025-07-24 ,Check DEPOSIT 563897,,244.78,938236.27
2025-07-25,Card DEPOSIT 704263,,34747.23,972983.5
2025-07-25,ACH DEPOSIT 966419,,23478.24,996461.74
2025-07-26,ACH DEPOSIT 957595,,43238.44,1039700.18
2025-07-26,Wire DEPOSIT 129515,,7873.74,1047573.92
2025-07-26,Card EFT MSC INDUSTRIAL SUPPLY,11104.08,,1951733.63
2025-07-27,ACH EFT BRIGHTON-BEST INTERNAT,313346.71,,1638386.92
2025-07-27,ACH 22490 PARKER HANNIFIN,274756.25,,1363630.67
07/27/25,ACH EFT FASTENAL,7173.25,,1356457.42
07/28/2025,ACH DEPOSIT 780558,,5853.61,1053427.53
2025-07-28,Wire DEPOSIT 675837,,417.6,1053845.13
2025-07-28,ACH 16341 APEX FASTENER CORP,14916.91,,1341540.51
2025-07-29,ACH DEPOSIT 715024,,35481.01,1089326.14
2025-07-29,ACH DEPOSIT 203889,,18620.2,1107946.34
07/29/2025,Card 14816 SANDVIK COROMANT,32343.06,,1309197.45
2025-07-30,Card DEPOSIT 809760,,24650.12,1132596.46
07/31/25,Check DEPOSIT 266500,,9156.82,1141753.28
2025-07-31,Check EFT GRAINGER,3543.6,,1305653.85
2025-07-31,PAYCOM PAYROLL,242506.91,,-29258644.7
2025-08-01,Card 24911 FASTENAL,17548.14,,1288105.71
2025-08-02,Card DEPOSIT 745387,,18635.85,1160389.13
2025-08-03,ACH DEPOSIT 519148,,10175.34,1170564.47
2025-08-05,Wire DEPOSIT 271479,,22061.0,1192625.47
2025-08-05,ACH EFT GRAINGER,3203.4,,1284902.31
2025-08-06,Wire DEPOSIT 391534,,6337.76,1198963.23
2025-08-06,Card EFT BRIGHTON-BEST INTERNAT,1218003.31,,66899.0
2025-08-07,Card DEPOSIT 789499,,46657.11,1245620.34
2025-08-07,ACH DEPOSIT 934208,,2207.2,1247827.54
2025-08-07,ACH DEPOSIT 714581,,20076.77,1267904.31
2025-08-07,Check DEPOSIT 915289,,2243.83,1270148.14
2025-08-07,ACH DEPOSIT 388710,,4163.67,1274311.81
2025-08-08,Card EFT KAMAN INDUSTRIAL TECHN,293947.34,,-227048.34
08/08/25,Check 10180 BALDOR-RELIANCE (ABB),155244.34,,-382292.68
2025-08-09,Wire DEPOSIT 967537,,26774.32,1301086.13
2025-08-09,Card DEPOSIT 694816,,1132.32,1302218.45
2025-08-09,Card DEPOSIT 732615,,2383.7,1304602.15
2025-08-10,Card DEPOSIT 727633,,17953.13,1322555.28
08/10/2025,Wire DEPOSIT 807563,,610.01,1323165.29
2025-08-10,Check EFT MCMASTER-CARR,299308.16,,-681600.84
"Aug 10, 2025",ACH 11955 PARKER HANNIFIN,348972.75,,-1030573.59
2025-08-12,Card DEPOSIT 401090,,13752.0,1336917.29
2025-08-12,ACH DEPOSIT 215292,,41953.91,1378871.2
2025-08-13,ACH 16723 BALDOR-RELIANCE (ABB),681.05,,-1031254.64
2025-08-14,Card EFT MSC INDUSTRIAL SUPPLY,74281.38,,-1105536.02
08/14/2025,ACH 28733 KAMAN INDUSTRIAL TECHN,993452.84,,-2098988.86
2025-08-15,ACH DEPOSIT 499104,,3320.24,1382191.44
2025-08-15,Card DEPOSIT 377618,,2827.71,1385019.15
15-Aug-2025,Check EFT FASTENAL,22268.55,,-2121257.41
2025-08-16,ACH 16038 MOTION INDUSTRIES,60853.45,,-2182110.86
2025-08-16,ACH EFT BALDOR-RELIANCE (ABB),151222.74,,-2333333.6
2025-08-16,Check EFT FASTENAL,356529.11,,-2689862.71
"Aug 16, 2025",Check 19276 BALDOR-RELIANCE (ABB),365473.43,,-3055336.14
08/16/2025,Check 11279 PARKER HANNIFIN,799905.38,,-3855241.52
2025-08-17,ACH DEPOSIT 386441,,25947.61,1410966.76
2025-08-17,ACH DEPOSIT 239579,,37982.78,1448949.54
2025-08-17,ACH DEPOSIT 168584,,11823.43,1460772.97
17-Aug-2025,ACH 29390 FASTENAL,206436.93,,-4061678.45
2025-08-17,Card 14269 MSC INDUSTRIAL SUPPLY,9075.52,,-4070753.97
2025-08-18,Wire DEPOSIT 713455,,13456.47,1474229.44
2025-08-18,ACH EFT GRAINGER,3364.16,,-4074118.13
2025-08-19,Wire DEPOSIT 491530 ,,826.99,1475056.43
2025-08-19,Card EFT GARLOCK SEALING TECHNO,94241.3,,-4168359.43
2025-08-19,ACH EFT GARLOCK SEALING TECHNO,7582.68,,-4175942.11
2025-08-20,Card DEPOSIT 430806,,2402.4,1477458.83
20-Aug-2025,ACH DEPOSIT 700915,,51849.33,1529308.16
2025-08-20,Card DEPOSIT 543334,,38548.94,1567857.1
2025-08-20,ACH 23937 PARKER HANNIFIN,265695.07,,-4441637.18
2025-08-21,Check DEPOSIT 113604,,26422.38,1594279.48
2025-08-21,ACH EFT BRIGHTON-BEST INTERNAT,73242.04,,-4514879.22
2025-08-22,ACH DEPOSIT 815184,,1890.98,1596170.46
2025-08-22,Check DEPOSIT 772864,,2804.15,1598974.61
2025-08-24,Check DEPOSIT 809504,,18276.08,1617250.69
2025-08-24,Check DEPOSIT 794685,,36801.61,1654052.3
24-Aug-2025,Wire DEPOSIT 838305,,10688.51,1664740.81
2025-08-24,ACH DEPOSIT 861732,,1273.08,1666013.89
2025-08-25,ACH DEPOSIT 749828,,46063.32,1712077.21
2025-08-25,ACH 25377 MOTION INDUSTRIES,14018.7,,-4528897.92
2025-08-25,ACH EFT APEX FASTENER CORP,12112.26,,-4541010.18
2025-08-25,Card EFT ULINE,28484.6,,-4569494.78
2025-08-25,ACH 28964 KAMAN INDUSTRIAL TECHN,7603.59,,-4577098.37
"Aug 26, 2025",ACH DEPOSIT 905609,,2263.23,1714340.44
2025-08-26,ACH DEPOSIT 564344,,13947.75,1728288.19
2025-08-27,ACH DEPOSIT 591562,,4366.77,1732654.96
2025-08-27,Card DEPOSIT 713162,,871.42,1733526.38
2025-08-27,Check DEPOSIT 939184,,5526.55,1739052.93
2025-08-29,ACH DEPOSIT 975758,,17717.14,1756770.07
2025-08-29,Card DEPOSIT 167329,,3326.5,1760096.57
2025-08-30,ACH DEPOSIT 896935,,47797.01,1807893.58
2025-08-30,Wire DEPOSIT 577767,,18.92,1807912.5
2025-08-30,Wire DEPOSIT 545372,,10477.23,1818389.73
2025-08-30,Card 14024 REGAL REXNORD,20976.8,,-4598075.17
2025-08-30,ACH EFT BRIGHTON-BEST INTERNAT,880792.92,,-5478868.09
2025-08-31,Wire DEPOSIT 286750,,15790.26,1834179.99
2025-08-31,Wire DEPOSIT 978959,,13827.8,1848007.79
2025-08-31,Check 18927 FASTENAL,633967.13,,-6112835.22
2025-08-31,PAYCOM PAYROLL,246271.8,,-29504916.5
2025-09-01,Card DEPOSIT 993910,,5837.57,1853845.36
"Sep 02, 2025",Card DEPOSIT 509565,,35134.07,1888979.43
09/02/25,Check DEPOSIT 884236,,9852.36,1898831.79
2025-09-02,ACH EFT MSC INDUSTRIAL SUPPLY,10604.0,,-6123439.22
2025-09-03,Check DEPOSIT 285122,,29812.94,1928644.73
2025-09-03,Check DEPOSIT 194022,,29864.91,1958509.64
2025-09-03,Check DEPOSIT 482146,,7045.51,1965555.15
2025-09-03,ACH 18376 MOTION INDUSTRIES,28012.08,,-6151451.3
05-Sep-2025,Card DEPOSIT 493587,,40817.73,2006372.88
2025-09-05,ACH DEPOSIT 252671,,37939.69,2044312.57
2025-09-06,Card DEPOSIT 877720,,32301.97,2076614.54
06-Sep-2025,Wire DEPOSIT 287346,,290.98,2076905.52
2025-09-06,ACH 28612 MSC INDUSTRIAL SUPPLY,6176.2,,-6157627.5
2025-09-07,Check DEPOSIT 794650,,24841.06,2101746.58
2025-09-07,ACH 11194 FASTENAL,307201.44,,-6464828.94
2025-09-07,ACH EFT PARKER HANNIFIN,550056.39,,-7014885.33
2025-09-08,Wire DEPOSIT 438285,,222.3,2101968.88
2025-09-09,Check DEPOSIT 136665,,29253.75,2131222.63
2025-09-09,Card DEPOSIT 637014,,15461.21,2146683.84
2025-09-09,ACH EFT BALDOR-RELIANCE (ABB),110021.66,,-7124906.99
2025-09-09,ACH EFT APEX FASTENER CORP,85827.54,,-7210734.53
2025-09-10,ACH DEPOSIT 997783,,24602.71,2171286.55
2025-09-11,Card DEPOSIT 209436,,3664.64,2174951.19
2025-09-11,ACH DEPOSIT 928202,,16165.74,2191116.93
2025-09-11,Check DEPOSIT 288462,,15192.62,2206309.55
2025-09-12,ACH DEPOSIT 350114,,277.46,2206587.01
2025-09-12,Card DEPOSIT 549400,,9214.75,2215801.76
2025-09-12,Check 15612 FASTENAL,320629.1,,-7531363.63
2025-09-12,Check EFT ULINE,12994.0,,-7544357.63
2025-09-13,ACH 11111 KAMAN INDUSTRIAL TECHN,289772.96,,-7834130.59
14-Sep-2025,Card DEPOSIT 767700,,17507.23,2233308.99
15-Sep-2025,Wire DEPOSIT 115149,,8301.52,2241610.51
2025-09-16,ACH DEPOSIT 525274,,306.22,2241916.73
2025-09-16,Check DEPOSIT 799775,,17438.14,2259354.87
2025-09-17,Check DEPOSIT 566333,,630.63,2259985.5
2025-09-17,ACH EFT FASTENAL,12563.9,,-7846694.49
2025-09-18,Card 22260 APPLIED INDUSTRIAL TEC,16850.0,,-7863544.49
2025-09-19,Check DEPOSIT 934749,,5438.17,2265423.67
2025-09-19,Card EFT GARLOCK SEALING TECHNO,51259.1,,-7914803.59
2025-09-20,ACH DEPOSIT 905780,,2248.45,2267672.12
20-Sep-2025,Wire DEPOSIT 553397,,7597.32,2275269.44
2025-09-21,Card DEPOSIT 955444,,5428.33,2280697.77
2025-09-22,Wire DEPOSIT 723737,,4599.31,2285297.08
2025-09-22,ACH DEPOSIT 185154,,10959.82,2296256.9
2025-09-23,Wire DEPOSIT 763302,,2457.72,2298714.62
2025-09-24,ACH DEPOSIT 675064,,5505.66,2304220.28
2025-09-24,Card DEPOSIT 176712,,9873.85,2314094.13
2025-09-24,Card EFT APEX FASTENER CORP,18024.86,,-7932828.45
2025-09-24,Check EFT W W GRAINGER INC,5506.5,,-7938334.95
2025-09-25,Card DEPOSIT 378280,,-193.38,2313900.75
2025-09-25,ACH DEPOSIT 122885,,17494.92,2331395.67
2025-09-25,Check DEPOSIT 404165 ,,13750.66,2345146.33
2025-09-25,Wire DEPOSIT 842034,,7802.7,2352949.03
2025-09-25,Card DEPOSIT 947660,,1604.76,2354553.79
2025-09-25,Check DEPOSIT 861618,,30284.45,2384838.24
2025-09-25,ACH EFT MOTION INDUSTRIES,32468.15,,-7970803.1
2025-09-25,ACH 28525 MOTION INDUSTRIES,4310.08,,-7975113.18
09/25/25,Card EFT SANDVIK COROMANT,31541.23,,-8006654.41
2025-09-26,Check DEPOSIT 790025,,1624.84,2386463.08
2025-09-26 ,ACH EFT KAMAN INDUSTRIAL TECHN,284864.91,,-8291519.32
2025-09-27,ACH DEPOSIT 523364,,7345.59,2393808.67
2025-09-28,Check 16271 KAMAN INDUSTRIAL TECHN,288782.5,,-8580301.82
2025-09-28,Card 17782 REGAL REXNORD,6985.51,,-8587287.33
2025-09-28 ,ACH EFT ALRO STEEL,15631.35,,-8602918.68
2025-09-29,ACH DEPOSIT 345183,,1546.09,2395354.76
2025-09-29,ACH DEPOSIT 439605,,10265.61,2405620.37
2025-09-29,Check EFT GRAINGER,1257.05,,-8604175.73
2025-09-30,PAYCOM PAYROLL,246273.9,,-29751190.4
2025-10-01,ACH 21329 PARKER HANNIFIN,265695.07,,-8869870.8
2025-10-03,Check DEPOSIT 520687,,21348.46,2426968.83
2025-10-03,Wire DEPOSIT 272143,,16279.9,2443248.73
2025-10-03,ACH EFT MSC INDUSTRIAL SUPPLY,30344.64,,-8900215.44
2025-10-03,ACH EFT REGAL REXNORD,69880.12,,-8970095.56
2025-10-04,ACH DEPOSIT 248964,,347.46,2443596.19
2025-10-05,ACH DEPOSIT 192499,,4294.29,2447890.48
2025-10-05,Check EFT BALDOR-RELIANCE (ABB),159131.74,,-9129227.3
2025-10-06,ACH DEPOSIT 447454,,38964.29,2486854.77
2025-10-06,ACH DEPOSIT 212123,,61718.86,2548573.63
2025-10-06,Check DEPOSIT 342901,,62421.75,2610995.38
2025-10-06,Check EFT FASTENAL,316417.92,,-9445645.22
2025-10-08,Check DEPOSIT 588122,,2576.57,2613571.95
2025-10-08,Wire DEPOSIT 926630,,62580.33,2676152.28
2025-10-10,Card DEPOSIT 488678,,14204.96,2690357.24
2025-10-10,ACH EFT GARLOCK SEALING TECHNO,55984.44,,-9501629.66
2025-10-11,ACH DEPOSIT 777479,,8721.59,2699078.83
2025-10-11,ACH EFT ULINE,414182.42,,-9915812.08
2025-10-11,ACH EFT BALDOR-RELIANCE (ABB),168094.34,,-10083906.42
2025-10-12,Wire DEPOSIT 561266,,8188.67,2707267.5
2025-10-12,Card 15080 BRIGHTON-BEST INTERNAT,49949.2,,-10133855.62
2025-10-12,Card 22588 BALDOR-RELIANCE (ABB),275014.1,,-10408869.72
2025-10-12,Card EFT ALRO STEEL,2463.6,,-10411333.32
2025-10-13,ACH DEPOSIT 624530,,7269.33,2714536.83
2025-10-13,ACH DEPOSIT 765446 ,,3799.51,2718336.34
2025-10-14,ACH DEPOSIT 687223,,5318.78,2723655.12
2025-10-14,Card 26715 ALRO STEEL,5184.0,,-10416517.32
2025-10-14,ACH EFT BALDOR-RELIANCE (ABB),34551.27,,-10451068.59
2025-10-16,ACH 11882 APEX FASTENER CORP,30075.29,,-10481143.88
2025-10-17,Check DEPOSIT 875502,,27191.82,2750846.94
2025-10-17,Check EFT APPLIED INDUSTRIAL TEC,397576.23,,-10878720.11
2025-10-18,Card EFT GRAINGER,441.45,,-10879161.56
2025-10-19,ACH DEPOSIT 925259,,437.89,2751284.83
2025-10-20,Check DEPOSIT 286412,,2562.45,2753847.28
2025-10-20,Card DEPOSIT 986321,,4896.48,2758743.76
2025-10-20,ACH EFT REGAL REXNORD,358371.85,,-11237533.41
2025-10-21,Wire DEPOSIT 744753,,18480.17,2777223.93
2025-10-21,Check 28723 SANDVIK COROMANT,69500.27,,-11307033.68
2025-10-22,Check DEPOSIT 733922,,11646.11,2788870.04
2025-10-22,Check DEPOSIT 156418,,2498.99,2791369.03
2025-10-22,ACH DEPOSIT 550440,,550.5,2791919.53
2025-10-22,Check DEPOSIT 217337,,34078.98,2825998.51
2025-10-22,Card EFT APEX FASTENER CORP,21942.5,,-11328976.18
2025-10-23,Card EFT GARLOCK SEALING TECHNO,34147.26,,-11363123.44
2025-10-24,Wire DEPOSIT 784968,,202.88,2826201.39
2025-10-25,ACH DEPOSIT 958619,,12346.24,2838547.63
2025-10-26,ACH DEPOSIT 888863,,36225.32,2874772.95
2025-10-27,ACH DEPOSIT 400524,,4920.6,2879693.55
2025-10-27,ACH DEPOSIT 356333,,249.88,2879943.43
10/27/25,ACH EFT SANDVIK COROMANT,147406.3,,-11510529.74
2025-10-27,ACH 13718 MCMASTER-CARR,104264.57,,-11614794.31
2025-10-28,Check DEPOSIT 163917,,34200.53,2914143.96
2025-10-28,ACH EFT BALDOR-RELIANCE (ABB),156259.49,,-11771053.8
2025-10-28,Card EFT HAAS AUTOMATION,23679.32,,-11794733.12
2025-10-29,Wire DEPOSIT 301009,,10941.05,2925085.01
2025-10-29,ACH DEPOSIT 312060,,12372.74,2937457.75
2025-10-29,ACH DEPOSIT 575755,,11619.67,2949077.42
2025-10-29,Check 16143 REGAL REXNORD,11252.1,,-11805985.22
2025-10-30,Check DEPOSIT 490697,,1028.09,2950105.51
2025-10-30,Wire DEPOSIT 487759,,1150.38,2951255.89
2025-10-31,Wire DEPOSIT 679679,,15233.84,2966489.73
2025-10-31,Check 13857 ULINE,36022.73,,-11842007.95
2025-10-31,PAYCOM PAYROLL,246077.89,,-29997268.29
2025-11-01 ,Wire DEPOSIT 185155,,5852.76,2972342.49
2025-11-01,ACH DEPOSIT 798349,,321.8,2972664.29
2025-11-01,ACH EFT MOTION INDUSTRIES,11505.22,,-11853513.17
2025-11-02,ACH DEPOSIT 104228,,21691.14,2994355.43
2025-11-03,Card EFT HAAS AUTOMATION,3413.67,,-11856926.84
2025-11-03,ACH EFT ALRO STEEL,51859.0,,-11908785.84
2025-11-03,ACH EFT BALDOR-RELIANCE (ABB),429242.89,,-12338028.73
2025-11-04,Check DEPOSIT 250892,,10197.02,3004552.45
2025-11-04,Card EFT BALDOR-RELIANCE (ABB),367467.18,,-12705495.91
2025-11-04 ,ACH EFT APEX FASTENER CORP,83988.6,,-12789484.51
2025-11-05,ACH DEPOSIT 389595,,24793.6,3029346.05
2025-11-06,ACH 22366 KAMAN INDUSTRIAL TECHN,92985.35,,-12882469.86
2025-11-07,ACH DEPOSIT 851729,,17131.57,3046477.62
2025-11-08,ACH DEPOSIT 140297,,13739.09,3060216.71
11/08/2025,Card 25676 BRIGHTON-BEST INTERNAT,185117.78,,-13067587.64
2025-11-11,Wire DEPOSIT 887258,,671.88,3060888.59
2025-11-11,ACH DEPOSIT 679935,,2513.45,3063402.04
2025-11-13,Wire DEPOSIT 436553,,30649.16,3094051.2
11/13/25,ACH 10494 BRIGHTON-BEST INTERNAT,436502.78,,-13504090.42
2025-11-13,ACH EFT KAMAN INDUSTRIAL TECHN,14852.0,,-13518942.42
14-Nov-2025,ACH DEPOSIT 133410,,5704.39,3099755.59
14-Nov-2025,ACH DEPOSIT 286321,,966.46,3100722.05
2025-11-14,Wire DEPOSIT 665881,,28923.98,3129646.03
2025-11-14,ACH 12086 RYERSON,13470.0,,-13532412.42
2025-11-15,Check DEPOSIT 121530,,47336.21,3176982.24
11/15/25,Check EFT MSC INDUSTRIAL SUPPLY,6968.05,,-13539380.47
2025-11-17,ACH DEPOSIT 262941,,217.28,3177199.52
2025-11-17,ACH 28372 HAAS AUTOMATION,25345.0,,-13564725.47
2025-11-17,Card 14250 PARKER HANNIFIN,266356.47,,-13831081.94
2025-11-18 ,Card EFT APPLIED INDUSTRIAL TEC,17778.8,,-13848860.74
2025-11-19,ACH DEPOSIT 526597,,14298.03,3191497.55
19-Nov-2025,Check DEPOSIT 513889,,9182.35,3200679.9
2025-11-19,ACH DEPOSIT 516830,,3637.39,3204317.29
2025-11-20,ACH DEPOSIT 294339,,587.7,3204904.99
2025-11-20,ACH DEPOSIT 940357,,823.89,3205728.88
2025-11-20,ACH EFT GRAINGER,5984.4,,-13854845.14
2025-11-21,Check DEPOSIT 607438,,18803.8,3224532.68
2025-11-21,ACH EFT ALRO STEEL,356609.72,,-14211454.86
2025-11-21,Check EFT APEX FASTENER CORP,8059.19,,-14219514.05
2025-11-21,ACH EFT MSC INDUSTRIAL SUPPLY,10328.79,,-14229842.84
2025-11-22,Wire DEPOSIT 296853,,1870.5,3226403.18
2025-11-22,ACH DEPOSIT 336104,,23523.61,3249926.79
2025-11-23,Check DEPOSIT 794969,,26768.44,3276695.23
2025-11-23,Card EFT ULINE,9384.9,,-14239227.74
11/24/2025,ACH DEPOSIT 641501,,5421.31,3282116.54
"Nov 24, 2025",Wire DEPOSIT 450547,,1091.66,3283208.2
2025-11-24,ACH 26662 APPLIED INDUSTRIAL TEC,12110.51,,-14251338.25
2025-11-24,Check 14498 HAAS AUTOMATION,414838.5,,-14666176.75
11/25/2025,Check 25582 MSC INDUSTRIAL SUPPLY,6133.55,,-14672310.3
2025-11-26,Check DEPOSIT 921759,,4545.64,3287753.84
2025-11-26,Card EFT KAMAN INDUSTRIAL TECHN,393612.52,,-15065922.82
2025-11-27,ACH DEPOSIT 495751,,1443.15,3289196.99
2025-11-27,Check DEPOSIT 634980,,2410.26,3291607.25
2025-11-27,ACH DEPOSIT 172900,,21799.9,3313407.15
2025-11-27,ACH DEPOSIT 435696,,15263.06,3328670.21
2025-11-27,Card 25456 MSC INDUSTRIAL SUPPLY,4888.3,,-15070811.12
11/27/2025,ACH EFT APPLIED INDUSTRIAL TEC,249504.3,,-15320315.42
2025-11-28,ACH DEPOSIT 527213,,50132.23,3378802.44
28-Nov-2025,Check EFT HAAS AUTOMATION,761.82,,-15321077.24
2025-11-29,Card DEPOSIT 793530,,27073.01,3405875.45
2025-11-29,ACH DEPOSIT 234243,,12187.75,3418063.2
29-Nov-2025,ACH 25777 GRAINGER,9204.6,,-15330281.84
2025-11-29,ACH 22749 HAAS AUTOMATION,8886.84,,-15339168.68
2025-11-30 ,Card DEPOSIT 917841,,25178.32,3443241.52
11/30/2025,Check DEPOSIT 526035,,27994.6,3471236.12
2025-11-30,Card DEPOSIT 503232,,22717.81,3493953.93
2025-11-30,Card 18536 SANDVIK COROMANT,53710.57,,-15392879.25
2025-11-30,PAYCOM PAYROLL,244693.74,,-30241962.03
2025-12-02,ACH DEPOSIT 383470,,7868.31,3501822.24
2025-12-02,Wire DEPOSIT 630931,,22895.34,3524717.58
2025-12-02,Card DEPOSIT 781689,,3206.48,3527924.06
2025-12-02,Card EFT APEX FASTENER CORP,26483.41,,-15419362.66
2025-12-03,Check DEPOSIT 462141,,1257.75,3529181.81
2025-12-03,ACH EFT APEX FASTENER CORP,60998.44,,-15480361.1
2025-12-04,Check 13867 APEX FASTENER CORP,48218.74,,-15528579.84
2025-12-06,ACH DEPOSIT 584337,,24.42,3529206.23
2025-12-06,ACH DEPOSIT 693324,,21541.02,3550747.25
2025-12-06,ACH 29940 REGAL REXNORD,74536.98,,-15603116.82
2025-12-07,Wire DEPOSIT 645785,,19006.26,3569753.51
2025-12-07,Wire DEPOSIT 522248,,33362.67,3603116.18
2025-12-07,Card DEPOSIT 501005,,4033.21,3607149.39
2025-12-08,Check DEPOSIT 224573,,9070.11,3616219.5
2025-12-08,ACH DEPOSIT 709580,,10760.57,3626980.07
2025-12-08,Card DEPOSIT 652778,,49735.9,3676715.97
2025-12-08,Check EFT APEX FASTENER CORP,61235.51,,-15664352.33
2025-12-10,ACH 16947 FASTENAL,61059.0,,-15725411.33
2025-12-10,ACH EFT MOTION INDUSTRIES,9351.72,,-15734763.05
2025-12-11 ,Card EFT APPLIED INDUSTRIAL TEC,216563.2,,-15951326.25
"Dec 12, 2025",Card 11012 RYERSON,2230.74,,-15953556.99
2025-12-14,ACH DEPOSIT 470489,,3262.45,3679978.42
2025-12-14,Card DEPOSIT 182375,,7718.71,3687697.13
2025-12-14,Check EFT REGAL REXNORD,8788.63,,-15962345.62
2025-12-16,Check DEPOSIT 888606,,193.59,3687890.72
2025-12-16,ACH DEPOSIT 595586,,30595.53,3718486.25
2025-12-17,Check DEPOSIT 892608,,5548.78,3724035.03
2025-12-17,Check DEPOSIT 858117,,19247.81,3743282.84
2025-12-17,Check DEPOSIT 999911,,18982.55,3762265.39
2025-12-17,Check EFT GRAINGER,13589.08,,-15975934.7
2025-12-17,ACH 23650 RYERSON,1148.0,,-15977082.7
2025-12-17,ACH EFT MOTION INDUSTRIES,38085.83,,-16015168.53
2025-12-18,ACH DEPOSIT 582187,,34199.41,3796464.8
2025-12-18,Card 18286 BRIGHTON-BEST INTERNAT,363594.04,,-16378762.57
2025-12-18,Check EFT APEX FASTENER CORP,22126.71,,-16400889.28
2025-12-19,ACH DEPOSIT 132010,,229.17,3796693.97
2025-12-19,Wire DEPOSIT 985747,,27044.82,3823738.79
2025-12-19,Check DEPOSIT 137975,,19623.34,3843362.13
2025-12-19,Card DEPOSIT 710733,,99.19,3843461.32
2025-12-20,ACH DEPOSIT 535498,,32111.26,3875572.58
2025-12-21,Check DEPOSIT 217845,,48967.05,3924539.63
2025-12-21,Wire DEPOSIT 894913,,2466.23,3927005.86
2025-12-21,ACH EFT PARKER HANNIFIN,274756.25,,-16675645.53
2025-12-22,ACH DEPOSIT 718034,,8737.93,3935743.79
2025-12-22,ACH DEPOSIT 945142,,7020.4,3942764.19
2025-12-22,Card DEPOSIT 727676,,11849.5,3954613.69
2025-12-23,ACH DEPOSIT 992066,,6397.52,3961011.21
2025-12-23,ACH DEPOSIT 199901,,11571.13,3972582.34
2025-12-24,ACH DEPOSIT 992882,,3896.75,3976479.09
2025-12-24,Wire DEPOSIT 985982,,38277.7,4014756.79
2025-12-24,Wire DEPOSIT 723963,,40113.93,4054870.72
2025-12-24,Wire DEPOSIT 835680,,22797.71,4077668.43
"Dec 24, 2025",Wire DEPOSIT 531307,,16309.12,4093977.55
2025-12-24,Check 27545 MOTION INDUSTRIES,67068.97,,-16742714.5
2025-12-25,Wire DEPOSIT 749598,,25400.12,4119377.67
2025-12-25,Card DEPOSIT 995014,,25266.77,4144644.44
"Dec 25, 2025",ACH EFT MCMASTER-CARR,17294.6,,-16760009.1
2025-12-25,ACH EFT MOTION INDUSTRIES,26388.7,,-16786397.8
25-Dec-2025,Check 13382 REGAL REXNORD,130953.16,,-16917350.96
2025-12-26,Card DEPOSIT 222307,,16986.67,4161631.11
"Dec 27, 2025",ACH DEPOSIT 664413,,1038.46,4162669.57
2025-12-27,ACH EFT SANDVIK COROMANT,129436.78,,-17046787.74
2025-12-29,ACH DEPOSIT 411110,,956.5,4163626.07
12/29/25,Check DEPOSIT 403714,,5855.44,4169481.51
12/30/25,Wire DEPOSIT 289082,,20179.28,4189660.79
2025-12-31,Check DEPOSIT 456211,,32891.07,4222551.86
2025-12-31,ACH EFT MOTION INDUSTRIES,9463.25,,-17056250.99
2025-12-31,PAYCOM PAYROLL,245077.61,,-30487039.64
2026-01-01,ACH DEPOSIT 862689,,15111.15,4237663.01
2026-01-01,Card 17204 MSC INDUSTRIAL SUPPLY,33841.22,,-17090092.21
2026-01-02,Card DEPOSIT 249084,,99.19,4237762.2
2026-01-02,ACH EFT APPLIED INDUSTRIAL TEC,11932.8,,-17102025.01
2026-01-02,ACH 13923 HAAS AUTOMATION,480415.15,,-17582440.16
2026-01-03,Wire DEPOSIT 962256,,5267.84,4243030.04
2026-01-03,ACH 23677 ULINE,33941.9,,-17616382.06
2026-01-03,ACH 23898 ULINE,32664.89,,-17649046.95
2026-01-04,ACH DEPOSIT 882626,,6868.88,4249898.92
2026-01-05,ACH EFT REGAL REXNORD,55730.39,,-17704777.34
2026-01-06,Check EFT ALRO STEEL,550941.68,,-18255719.02
2026-01-07,ACH 11313 SANDVIK COROMANT,12993.5,,-18268712.52
2026-01-07,Check EFT FASTENAL,279703.43,,-18548415.95
2026-01-09,Wire DEPOSIT 779430,,3166.41,4253065.33
2026-01-09,ACH DEPOSIT 699494,,24326.6,4277391.93
2026-01-09,Check DEPOSIT 840812,,22229.7,4299621.63
2026-01-10,Check 10408 GARLOCK SEALING TECHNO,26604.65,,-18575020.6
2026-01-11,Wire DEPOSIT 999868,,117.76,4299739.39
11-Jan-2026 ,Check EFT REGAL REXNORD,59057.64,,-18634078.24
2026-01-12,ACH DEPOSIT 841222,,21462.82,4321202.21
2026-01-12,Check EFT ULINE,5657.6,,-18639735.84
2026-01-13,Check DEPOSIT 789085,,11733.87,4332936.08
2026-01-13,ACH DEPOSIT 383288,,40163.71,4373099.79
2026-01-13,Card EFT FASTENAL,17535.04,,-18657270.88
2026-01-14,ACH DEPOSIT 563299,,8059.3,4381159.09
2026-01-14,Card DEPOSIT 984395,,54544.44,4435703.53
2026-01-14,Card DEPOSIT 525240,,41313.47,4477017.0
2026-01-14,ACH DEPOSIT 116742,,15009.83,4492026.83
2026-01-14,ACH DEPOSIT 935309,,19278.56,4511305.39
2026-01-14,ACH EFT REGAL REXNORD,20734.7,,-18678005.58
2026-01-14,Check EFT BALDOR-RELIANCE (ABB),506865.06,,-19184870.64
2026-01-15,ACH EFT REGAL REXNORD,1700.65,,-19186571.29
2026-01-16,Wire DEPOSIT 630858,,47378.46,4558683.85
2026-01-16,Card 15097 SANDVIK COROMANT,19495.0,,-19206066.29
2026-01-16,Check 25502 FASTENAL,329089.54,,-19535155.83
2026-01-17,Card EFT BRIGHTON-BEST INTERNAT,3543.36,,-19538699.19
2026-01-18,ACH DEPOSIT 491972,,20082.32,4578766.17
01/18/26,ACH DEPOSIT 463563,,3274.05,4582040.22
2026-01-20,Wire DEPOSIT 363441,,13327.05,4595367.27
2026-01-20,ACH DEPOSIT 254536,,40242.61,4635609.88
2026-01-21,Check 15475 KAMAN INDUSTRIAL TECHN,280141.84,,-19818841.03
2026-01-21,ACH EFT PARKER HANNIFIN,283920.57,,-20102761.6
2026-01-22,Wire DEPOSIT 613623,,11316.54,4646926.42
2026-01-22,ACH EFT ALRO STEEL,83296.9,,-20186058.5
2026-01-22,Card EFT GARLOCK SEALING TECHNO,90390.0,,-20276448.5
2026-01-23,ACH DEPOSIT 978045,,5128.18,4652054.6
2026-01-23,Card DEPOSIT 978178,,6742.64,4658797.24
2026-01-23,ACH DEPOSIT 193699,,12056.48,4670853.72
2026-01-23,ACH EFT HAAS AUTOMATION,264694.13,,-20541142.63
2026-01-25,ACH DEPOSIT 510080,,939.51,4671793.23
2026-01-25,Check DEPOSIT 698344,,16946.89,4688740.12
2026-01-27,ACH EFT HAAS AUTOMATION,278415.0,,-20819557.63
2026-01-28 ,Card DEPOSIT 605317,,16826.2,4705566.32
2026-01-28,Check DEPOSIT 241829,,6163.49,4711729.81
2026-01-29,Wire DEPOSIT 841779,,10873.87,4722603.68
2026-01-29,Check DEPOSIT 830397,,2295.27,4724898.95
2026-01-29,Wire DEPOSIT 720304,,21867.22,4746766.17
2026-01-29,Card DEPOSIT 717359,,27248.92,4774015.09
2026-01-29,Card 14359 SANDVIK COROMANT,51034.41,,-20870592.04
2026-01-29,ACH EFT SANDVIK COROMANT,3256.3,,-20873848.34
2026-01-30,ACH DEPOSIT 205761,,118.28,4774133.37
2026-01-30,Wire DEPOSIT 816862,,19858.86,4793992.23
01/30/26,ACH DEPOSIT 893085,,37589.03,4831581.26
2026-01-30,ACH DEPOSIT 453566,,13371.23,4844952.49
2026-01-31,ACH DEPOSIT 521484,,22534.43,4867486.92
2026-01-31,Card DEPOSIT 496458,,28543.11,4896030.03
2026-01-31,ACH 13524 MCMASTER-CARR,409056.32,,-21282904.66
2026-01-31,PAYCOM PAYROLL,243812.79,,-30730852.43
02/01/2026,ACH DEPOSIT 467983,,89139.72,4985169.75
2026-02-01,ACH DEPOSIT 692300,,3293.75,4988463.5
2026-02-01,Card DEPOSIT 642743,,11986.17,5000449.67
2026-02-02 ,ACH DEPOSIT 142002,,844.09,5001293.76
2026-02-03,Check DEPOSIT 343897,,3166.41,5004460.17
2026-02-03 ,Check DEPOSIT 373383,,1474.18,5005934.35
2026-02-03,Card 13444 KAMAN INDUSTRIAL TECHN,8890.74,,-21291795.4
2026-02-04,ACH EFT GRAINGER,1445.2,,-21293240.6
2026-02-04,Check EFT ULINE,246.0,,-21293486.6
2026-02-05,ACH DEPOSIT 116594,,24426.24,5030360.59
02/06/2026 ,ACH DEPOSIT 265989,,43941.05,5074301.64
2026-02-06,ACH DEPOSIT 508967,,79451.05,5153752.69
2026-02-06,ACH DEPOSIT 628992,,17638.94,5171391.63
2026-02-06,Wire DEPOSIT 883197,,4676.01,5176067.64
2026-02-06,ACH DEPOSIT 563637,,10041.57,5186109.21
2026-02-06,ACH EFT BRIGHTON-BEST INTERNAT,384447.97,,-21677934.57
2026-02-07,ACH DEPOSIT 384770,,19471.61,5205580.82
2026-02-08,Check EFT BALDOR-RELIANCE (ABB),4884.33,,-21682818.9
2026-02-08,ACH EFT MSC INDUSTRIAL SUPPLY,10586.8,,-21693405.7
2026-02-09,ACH DEPOSIT 860952,,10411.58,5215992.4
2026-02-09,ACH DEPOSIT 952048,,51597.42,5267589.82
2026-02-09 ,Check 26244 KAMAN INDUSTRIAL TECHN,11931.49,,-21705337.19
2026-02-09,ACH EFT BRIGHTON-BEST INTERNAT,52306.4,,-21757643.59
2026-02-10,Wire DEPOSIT 287684,,4955.58,5272545.4
10-Feb-2026,Wire DEPOSIT 928743,,2423.25,5274968.65
2026-02-11,ACH 21558 MCMASTER-CARR,26620.4,,-21784263.99
2026-02-11,Check EFT APEX FASTENER CORP,445.5,,-21784709.49
2026-02-12,ACH DEPOSIT 891805,,3485.84,5278454.49
2026-02-12,Check DEPOSIT 396091,,699.09,5279153.58
2026-02-12,Wire DEPOSIT 442137,,21359.14,5300512.72
2026-02-13,Card 28763 APPLIED INDUSTRIAL TEC,689790.26,,-22474499.75
2026-02-14,ACH DEPOSIT 596863,,51.1,5300563.82
2026-02-14,Check 12153 BALDOR-RELIANCE (ABB),311773.68,,-22786273.43
2026-02-15,Check DEPOSIT 339881,,2723.2,5303287.02
2026-02-15,ACH DEPOSIT 762634,,37295.06,5340582.08
2026-02-15,Wire DEPOSIT 340986,,15883.88,5356465.96
2026-02-15,Card DEPOSIT 279152,,3141.49,5359607.45
2026-02-15,ACH EFT REGAL REXNORD,79333.5,,-22865606.93
2026-02-15,ACH 17703 BALDOR-RELIANCE (ABB),155939.17,,-23021546.1
2026-02-16,ACH DEPOSIT 213537,,20662.57,5380270.02
2026-02-17,Card DEPOSIT 596889,,7992.69,5388262.71
2026-02-17,Check DEPOSIT 891984,,2099.18,5390361.89
2026-02-17,Wire DEPOSIT 478882,,44434.1,5434795.99
2026-02-17,Card DEPOSIT 127212,,24825.28,5459621.27
2026-02-17,Card DEPOSIT 104811,,39742.88,5499364.15
2026-02-17,ACH EFT GARLOCK SEALING TECHNO,114663.8,,-23136209.9
2026-02-17,Card EFT BRIGHTON-BEST INTERNAT,42955.22,,-23179165.12
2026-02-18,Check DEPOSIT 634817,,8701.48,5508065.63
2026-02-18,Card EFT GRAINGER,7384.0,,-23186549.12
2026-02-19,ACH DEPOSIT 602518,,6780.06,5514845.69
02/20/26,ACH DEPOSIT 983458,,655.63,5515501.32
20-Feb-2026,ACH DEPOSIT 724811,,5805.27,5521306.59
2026-02-20,Card DEPOSIT 901953,,1216.25,5522522.84
2026-02-20,Wire DEPOSIT 177569,,15355.78,5537878.62
2026-02-20,Card 29375 APPLIED INDUSTRIAL TEC,678497.12,,-23865046.24
2026-02-21,Wire DEPOSIT 383512,,12975.4,5550854.02
2026-02-22,Wire DEPOSIT 503080,,2297.75,5553151.77
2026-02-22 ,ACH EFT MSC INDUSTRIAL SUPPLY,4854.64,,-23869900.88
2026-02-23,ACH DEPOSIT 854841,,2672.88,5555824.65
2026-02-23,Card EFT KAMAN INDUSTRIAL TECHN,315358.18,,-24185259.06
2026-02-24,Card DEPOSIT 511742,,28177.18,5584001.83
2026-02-24,Card DEPOSIT 276983,,1742.6,5585744.43
2026-02-25,ACH DEPOSIT 215661,,2100.92,5587845.35
"Feb 25, 2026",ACH 14567 BALDOR-RELIANCE (ABB),703336.16,,-24888595.22
2026-02-26,Wire DEPOSIT 772642,,23485.49,5611330.84
2026-02-26,Card 21531 ULINE,15557.99,,-24904153.21
2026-02-27,ACH DEPOSIT 567287,,5347.91,5616678.75
2026-02-27,Card EFT ULINE,21331.13,,-24925484.34
2026-02-28,Check DEPOSIT 404996,,5969.59,5622648.34
2026-02-28,Card DEPOSIT 129709,,25766.88,5648415.22
2026-02-28,Wire DEPOSIT 616147,,2529.87,5650945.09
2026-02-28,Check EFT BALDOR-RELIANCE (ABB),82676.3,,-25008160.64
28-Feb-2026,Card 28865 KAMAN INDUSTRIAL TECHN,1270.0,,-25009430.64
2026-02-28,PAYCOM PAYROLL,246344.68,,-30977197.11
2026-03-01,Card 24027 W W GRAINGER INC,665.7,,-25010096.34
02-Mar-2026,ACH DEPOSIT 669269,,26258.02,5677203.11
2026-03-02,ACH DEPOSIT 508572,,8353.02,5685556.13
2026-03-02 ,ACH DEPOSIT 211772,,3843.03,5689399.16
2026-03-02,Check 12243 APPLIED INDUSTRIAL TEC,843788.75,,-25853885.09
2026-03-03,Check EFT HAAS AUTOMATION,36372.28,,-25890257.37
2026-03-04,Card DEPOSIT 649291,,20490.77,5709889.93
2026-03-04,Wire DEPOSIT 489923,,933.85,5710823.78
2026-03-05,Card DEPOSIT 621794,,38635.53,5749459.31
2026-03-05,ACH DEPOSIT 745644,,67315.01,5816774.32
2026-03-05,ACH EFT REGAL REXNORD,258.15,,-25890515.52
2026-03-07,ACH 21755 PARKER HANNIFIN,1016921.25,,-26907436.77
2026-03-08,Card DEPOSIT 587765,,13486.87,5830261.19
2026-03-08,ACH DEPOSIT 535797,,642.76,5830903.95
03/08/26,ACH 13016 GARLOCK SEALING TECHNO,8286.87,,-26915723.64
2026-03-10,Check DEPOSIT 399142,,22919.19,5853823.14
03/10/2026,Card DEPOSIT 655946,,2004.0,5855827.14
10-Mar-2026,Card DEPOSIT 724235,,4935.86,5860763.0
2026-03-11,Card 10746 SANDVIK COROMANT,40307.33,,-26956030.97
2026-03-12,Wire DEPOSIT 856379,,16370.7,5877133.7
2026-03-13,ACH DEPOSIT 923305,,21382.48,5898516.18
2026-03-14,ACH DEPOSIT 540159,,26137.69,5924653.87
2026-03-14 ,ACH DEPOSIT 323944,,37794.24,5962448.11
2026-03-15,ACH EFT GRAINGER,8677.5,,-26964708.47
2026-03-16,ACH DEPOSIT 924424,,5060.52,5967508.63
2026-03-16,ACH EFT REGAL REXNORD,56512.03,,-27021220.5
2026-03-17,Check EFT REGAL REXNORD,8195.14,,-27029415.64
03/17/2026,ACH 14009 HAAS AUTOMATION,264569.39,,-27293985.03
2026-03-19,Wire DEPOSIT 284135,,30448.3,5997956.93
2026-03-19,ACH DEPOSIT 675754,,29514.31,6027471.24
2026-03-20,Card DEPOSIT 290982,,15971.48,6043442.72
2026-03-20,Check 29956 ALRO STEEL,551590.99,,-27845576.02
2026-03-22,Card DEPOSIT 311706,,4176.95,6047619.67
2026-03-22,ACH DEPOSIT 216390,,16361.7,6063981.37
2026-03-23,Check DEPOSIT 529404,,5194.53,6069175.9
03/23/2026,Check DEPOSIT 439265,,2061.79,6071237.69
2026-03-23,Check 16678 MOTION INDUSTRIES,85801.2,,-27931377.22
2026-03-24,ACH EFT RYERSON,5326.74,,-27936703.96
2026-03-27,Check EFT BALDOR-RELIANCE (ABB),318958.48,,-28255662.44
2026-03-28,Check DEPOSIT 371013,,196.8,6071434.49
2026-03-31,Check DEPOSIT 748769,,3104.57,6074539.06
2026-03-31,Check DEPOSIT 629277,,153.96,6074693.02
2026-03-31,Card DEPOSIT 899927,,13728.82,6088421.84
2026-03-31,ACH DEPOSIT 433671,,274.97,6088696.81
2026-03-31,Check DEPOSIT 780524,,12904.06,6101600.87
2026-03-31,Card DEPOSIT 560605,,537.2,6102138.07
2026-03-31,ACH DEPOSIT 193158,,39082.63,6141220.7
03/31/26,Card DEPOSIT 712407,,5097.1,6146317.8
2026-03-31,ACH DEPOSIT 807103,,56822.08,6203139.88
2026-03-31,Wire DEPOSIT 568479,,43961.52,6247101.4
2026-03-31,ACH DEPOSIT 844281,,1367.07,6248468.47
03/31/2026,Check DEPOSIT 576093,,16728.98,6265197.45
2026-03-31,Wire DEPOSIT 787549,,5804.04,6271001.49
2026-03-31,ACH EFT RYERSON,4559.56,,-28260222.0
2026-03-31,Check EFT REGAL REXNORD,15586.99,,-28275808.99
2026-03-31,PAYCOM PAYROLL,249708.73,,-31226905.84
